연번,위치주소(지번 비공개),조사년도,빈집유형,주택유형,철거 또는 활용동의,관리부서,데이터기준일자,위도,경도,좌표정확도,읍면,인구수,유동인구수준(추정),유동인구순위(추정),관광명소수,카페밀도,학교수,마트수,편의점수,학교목록,관광명소목록,학교좌표,관광명소좌표,주거점수,카페소품샵점수,게스트하우스펜션점수,식당베이커리점수,1위용도,1위용도근거
1,전라남도 담양군 담양읍 담주리,2022,활용형,단독주택,미동의,도시과,2023-05-15,35.3217434163629,126.980811486778,정확(리 단위),담양읍,15532,상,1/12위,44,4.39,8,5,18,"담양남초등학교, 담양동초등학교, 국립목포대학교 담양캠퍼스, 담양중학교, 담양고등학교","죽녹원, 메타프로방스, 담양국수거리, 메타세쿼이아길 인증센터, 메타세쿼이아랜드",담양남초등학교|35.3181604826574|126.986574791542;;담양동초등학교|35.3210047077135|126.98342465375;;국립목포대학교 담양캠퍼스|35.32760684903847|126.99050073614369;;담양중학교|35.316349851112|126.980993108595;;담양고등학교|35.3144677552007|126.980333755453,죽녹원|35.32783714533351|126.98593088715316;;메타프로방스|35.32204414727564|127.00291216021685;;담양국수거리|35.32384052865535|126.9851144410004;;메타세쿼이아길 인증센터|35.33409191544845|127.0177791322334;;메타세쿼이아랜드|35.3320063558634|127.016894361298,100.0,89.1,66.7,89.1,주거,"주거 점수가 가장 높습니다 (학교 수 8, 마트 수 5 기준)"
2,전라남도 담양군 담양읍 담주리,2022,활용형,단독주택,미동의,도시과,2023-05-15,35.3217434163629,126.980811486778,정확(리 단위),담양읍,15532,상,1/12위,44,4.39,8,5,18,"담양남초등학교, 담양동초등학교, 국립목포대학교 담양캠퍼스, 담양중학교, 담양고등학교","죽녹원, 메타프로방스, 담양국수거리, 메타세쿼이아길 인증센터, 메타세쿼이아랜드",담양남초등학교|35.3181604826574|126.986574791542;;담양동초등학교|35.3210047077135|126.98342465375;;국립목포대학교 담양캠퍼스|35.32760684903847|126.99050073614369;;담양중학교|35.316349851112|126.980993108595;;담양고등학교|35.3144677552007|126.980333755453,죽녹원|35.32783714533351|126.98593088715316;;메타프로방스|35.32204414727564|127.00291216021685;;담양국수거리|35.32384052865535|126.9851144410004;;메타세쿼이아길 인증센터|35.33409191544845|127.0177791322334;;메타세쿼이아랜드|35.3320063558634|127.016894361298,100.0,89.1,66.7,89.1,주거,"주거 점수가 가장 높습니다 (학교 수 8, 마트 수 5 기준)"
3,전라남도 담양군 담양읍 남산리,2022,활용형,단독주택,미동의,도시과,2023-05-15,35.3183016952031,126.994158352598,정확(리 단위),담양읍,15532,상,1/12위,44,4.39,8,5,18,"담양남초등학교, 담양동초등학교, 국립목포대학교 담양캠퍼스, 담양중학교, 담양고등학교","죽녹원, 메타프로방스, 담양국수거리, 메타세쿼이아길 인증센터, 메타세쿼이아랜드",담양남초등학교|35.3181604826574|126.986574791542;;담양동초등학교|35.3210047077135|126.98342465375;;국립목포대학교 담양캠퍼스|35.32760684903847|126.99050073614369;;담양중학교|35.316349851112|126.980993108595;;담양고등학교|35.3144677552007|126.980333755453,죽녹원|35.32783714533351|126.98593088715316;;메타프로방스|35.32204414727564|127.00291216021685;;담양국수거리|35.32384052865535|126.9851144410004;;메타세쿼이아길 인증센터|35.33409191544845|127.0177791322334;;메타세쿼이아랜드|35.3320063558634|127.016894361298,100.0,89.1,66.7,89.1,주거,"주거 점수가 가장 높습니다 (학교 수 8, 마트 수 5 기준)"
4,전라남도 담양군 담양읍 향교리,2022,활용형,단독주택,미동의,도시과,2023-05-15,35.3279852696035,126.988860832159,정확(리 단위),담양읍,15532,상,1/12위,44,4.39,8,5,18,"담양남초등학교, 담양동초등학교, 국립목포대학교 담양캠퍼스, 담양중학교, 담양고등학교","죽녹원, 메타프로방스, 담양국수거리, 메타세쿼이아길 인증센터, 메타세쿼이아랜드",담양남초등학교|35.3181604826574|126.986574791542;;담양동초등학교|35.3210047077135|126.98342465375;;국립목포대학교 담양캠퍼스|35.32760684903847|126.99050073614369;;담양중학교|35.316349851112|126.980993108595;;담양고등학교|35.3144677552007|126.980333755453,죽녹원|35.32783714533351|126.98593088715316;;메타프로방스|35.32204414727564|127.00291216021685;;담양국수거리|35.32384052865535|126.9851144410004;;메타세쿼이아길 인증센터|35.33409191544845|127.0177791322334;;메타세쿼이아랜드|35.3320063558634|127.016894361298,100.0,89.1,66.7,89.1,주거,"주거 점수가 가장 높습니다 (학교 수 8, 마트 수 5 기준)"
5,전라남도 담양군 담양읍 향교리,2022,활용형,단독주택,미동의,도시과,2023-05-15,35.3279852696035,126.988860832159,정확(리 단위),담양읍,15532,상,1/12위,44,4.39,8,5,18,"담양남초등학교, 담양동초등학교, 국립목포대학교 담양캠퍼스, 담양중학교, 담양고등학교","죽녹원, 메타프로방스, 담양국수거리, 메타세쿼이아길 인증센터, 메타세쿼이아랜드",담양남초등학교|35.3181604826574|126.986574791542;;담양동초등학교|35.3210047077135|126.98342465375;;국립목포대학교 담양캠퍼스|35.32760684903847|126.99050073614369;;담양중학교|35.316349851112|126.980993108595;;담양고등학교|35.3144677552007|126.980333755453,죽녹원|35.32783714533351|126.98593088715316;;메타프로방스|35.32204414727564|127.00291216021685;;담양국수거리|35.32384052865535|126.9851144410004;;메타세쿼이아길 인증센터|35.33409191544845|127.0177791322334;;메타세쿼이아랜드|35.3320063558634|127.016894361298,100.0,89.1,66.7,89.1,주거,"주거 점수가 가장 높습니다 (학교 수 8, 마트 수 5 기준)"
6,전라남도 담양군 담양읍 양각리,2022,활용형,단독주택,미동의,도시과,2023-05-15,35.320671295566,126.973716219055,정확(리 단위),담양읍,15532,상,1/12위,44,4.39,8,5,18,"담양남초등학교, 담양동초등학교, 국립목포대학교 담양캠퍼스, 담양중학교, 담양고등학교","죽녹원, 메타프로방스, 담양국수거리, 메타세쿼이아길 인증센터, 메타세쿼이아랜드",담양남초등학교|35.3181604826574|126.986574791542;;담양동초등학교|35.3210047077135|126.98342465375;;국립목포대학교 담양캠퍼스|35.32760684903847|126.99050073614369;;담양중학교|35.316349851112|126.980993108595;;담양고등학교|35.3144677552007|126.980333755453,죽녹원|35.32783714533351|126.98593088715316;;메타프로방스|35.32204414727564|127.00291216021685;;담양국수거리|35.32384052865535|126.9851144410004;;메타세쿼이아길 인증센터|35.33409191544845|127.0177791322334;;메타세쿼이아랜드|35.3320063558634|127.016894361298,100.0,89.1,66.7,89.1,주거,"주거 점수가 가장 높습니다 (학교 수 8, 마트 수 5 기준)"
7,전라남도 담양군 담양읍 양각리,2022,활용형,단독주택,동의,도시과,2023-05-15,35.320671295566,126.973716219055,정확(리 단위),담양읍,15532,상,1/12위,44,4.39,8,5,18,"담양남초등학교, 담양동초등학교, 국립목포대학교 담양캠퍼스, 담양중학교, 담양고등학교","죽녹원, 메타프로방스, 담양국수거리, 메타세쿼이아길 인증센터, 메타세쿼이아랜드",담양남초등학교|35.3181604826574|126.986574791542;;담양동초등학교|35.3210047077135|126.98342465375;;국립목포대학교 담양캠퍼스|35.32760684903847|126.99050073614369;;담양중학교|35.316349851112|126.980993108595;;담양고등학교|35.3144677552007|126.980333755453,죽녹원|35.32783714533351|126.98593088715316;;메타프로방스|35.32204414727564|127.00291216021685;;담양국수거리|35.32384052865535|126.9851144410004;;메타세쿼이아길 인증센터|35.33409191544845|127.0177791322334;;메타세쿼이아랜드|35.3320063558634|127.016894361298,100.0,89.1,66.7,89.1,주거,"주거 점수가 가장 높습니다 (학교 수 8, 마트 수 5 기준)"
8,전라남도 담양군 담양읍 양각리,2022,활용형,단독주택,미동의,도시과,2023-05-15,35.320671295566,126.973716219055,정확(리 단위),담양읍,15532,상,1/12위,44,4.39,8,5,18,"담양남초등학교, 담양동초등학교, 국립목포대학교 담양캠퍼스, 담양중학교, 담양고등학교","죽녹원, 메타프로방스, 담양국수거리, 메타세쿼이아길 인증센터, 메타세쿼이아랜드",담양남초등학교|35.3181604826574|126.986574791542;;담양동초등학교|35.3210047077135|126.98342465375;;국립목포대학교 담양캠퍼스|35.32760684903847|126.99050073614369;;담양중학교|35.316349851112|126.980993108595;;담양고등학교|35.3144677552007|126.980333755453,죽녹원|35.32783714533351|126.98593088715316;;메타프로방스|35.32204414727564|127.00291216021685;;담양국수거리|35.32384052865535|126.9851144410004;;메타세쿼이아길 인증센터|35.33409191544845|127.0177791322334;;메타세쿼이아랜드|35.3320063558634|127.016894361298,100.0,89.1,66.7,89.1,주거,"주거 점수가 가장 높습니다 (학교 수 8, 마트 수 5 기준)"
9,전라남도 담양군 담양읍 반룡리,2022,활용형,단독주택,미동의,도시과,2023-05-15,35.2969063255963,126.981855201849,정확(리 단위),담양읍,15532,상,1/12위,44,4.39,8,5,18,"담양남초등학교, 담양동초등학교, 국립목포대학교 담양캠퍼스, 담양중학교, 담양고등학교","죽녹원, 메타프로방스, 담양국수거리, 메타세쿼이아길 인증센터, 메타세쿼이아랜드",담양남초등학교|35.3181604826574|126.986574791542;;담양동초등학교|35.3210047077135|126.98342465375;;국립목포대학교 담양캠퍼스|35.32760684903847|126.99050073614369;;담양중학교|35.316349851112|126.980993108595;;담양고등학교|35.3144677552007|126.980333755453,죽녹원|35.32783714533351|126.98593088715316;;메타프로방스|35.32204414727564|127.00291216021685;;담양국수거리|35.32384052865535|126.9851144410004;;메타세쿼이아길 인증센터|35.33409191544845|127.0177791322334;;메타세쿼이아랜드|35.3320063558634|127.016894361298,100.0,89.1,66.7,89.1,주거,"주거 점수가 가장 높습니다 (학교 수 8, 마트 수 5 기준)"
10,전라남도 담양군 담양읍 오계리,2022,철거형,단독주택,미동의,도시과,2023-05-15,35.30517101162,126.994031751105,정확(리 단위),담양읍,15532,상,1/12위,44,4.39,8,5,18,"담양남초등학교, 담양동초등학교, 국립목포대학교 담양캠퍼스, 담양중학교, 담양고등학교","죽녹원, 메타프로방스, 담양국수거리, 메타세쿼이아길 인증센터, 메타세쿼이아랜드",담양남초등학교|35.3181604826574|126.986574791542;;담양동초등학교|35.3210047077135|126.98342465375;;국립목포대학교 담양캠퍼스|35.32760684903847|126.99050073614369;;담양중학교|35.316349851112|126.980993108595;;담양고등학교|35.3144677552007|126.980333755453,죽녹원|35.32783714533351|126.98593088715316;;메타프로방스|35.32204414727564|127.00291216021685;;담양국수거리|35.32384052865535|126.9851144410004;;메타세쿼이아길 인증센터|35.33409191544845|127.0177791322334;;메타세쿼이아랜드|35.3320063558634|127.016894361298,100.0,89.1,66.7,89.1,주거,"주거 점수가 가장 높습니다 (학교 수 8, 마트 수 5 기준)"
11,전라남도 담양군 담양읍 오계리,2022,활용형,단독주택,미동의,도시과,2023-05-15,35.30517101162,126.994031751105,정확(리 단위),담양읍,15532,상,1/12위,44,4.39,8,5,18,"담양남초등학교, 담양동초등학교, 국립목포대학교 담양캠퍼스, 담양중학교, 담양고등학교","죽녹원, 메타프로방스, 담양국수거리, 메타세쿼이아길 인증센터, 메타세쿼이아랜드",담양남초등학교|35.3181604826574|126.986574791542;;담양동초등학교|35.3210047077135|126.98342465375;;국립목포대학교 담양캠퍼스|35.32760684903847|126.99050073614369;;담양중학교|35.316349851112|126.980993108595;;담양고등학교|35.3144677552007|126.980333755453,죽녹원|35.32783714533351|126.98593088715316;;메타프로방스|35.32204414727564|127.00291216021685;;담양국수거리|35.32384052865535|126.9851144410004;;메타세쿼이아길 인증센터|35.33409191544845|127.0177791322334;;메타세쿼이아랜드|35.3320063558634|127.016894361298,100.0,89.1,66.7,89.1,주거,"주거 점수가 가장 높습니다 (학교 수 8, 마트 수 5 기준)"
12,전라남도 담양군 담양읍 오계리,2022,활용형,단독주택,미동의,도시과,2023-05-15,35.30517101162,126.994031751105,정확(리 단위),담양읍,15532,상,1/12위,44,4.39,8,5,18,"담양남초등학교, 담양동초등학교, 국립목포대학교 담양캠퍼스, 담양중학교, 담양고등학교","죽녹원, 메타프로방스, 담양국수거리, 메타세쿼이아길 인증센터, 메타세쿼이아랜드",담양남초등학교|35.3181604826574|126.986574791542;;담양동초등학교|35.3210047077135|126.98342465375;;국립목포대학교 담양캠퍼스|35.32760684903847|126.99050073614369;;담양중학교|35.316349851112|126.980993108595;;담양고등학교|35.3144677552007|126.980333755453,죽녹원|35.32783714533351|126.98593088715316;;메타프로방스|35.32204414727564|127.00291216021685;;담양국수거리|35.32384052865535|126.9851144410004;;메타세쿼이아길 인증센터|35.33409191544845|127.0177791322334;;메타세쿼이아랜드|35.3320063558634|127.016894361298,100.0,89.1,66.7,89.1,주거,"주거 점수가 가장 높습니다 (학교 수 8, 마트 수 5 기준)"
13,전라남도 담양군 담양읍 오계리,2022,활용형,단독주택,미동의,도시과,2023-05-15,35.30517101162,126.994031751105,정확(리 단위),담양읍,15532,상,1/12위,44,4.39,8,5,18,"담양남초등학교, 담양동초등학교, 국립목포대학교 담양캠퍼스, 담양중학교, 담양고등학교","죽녹원, 메타프로방스, 담양국수거리, 메타세쿼이아길 인증센터, 메타세쿼이아랜드",담양남초등학교|35.3181604826574|126.986574791542;;담양동초등학교|35.3210047077135|126.98342465375;;국립목포대학교 담양캠퍼스|35.32760684903847|126.99050073614369;;담양중학교|35.316349851112|126.980993108595;;담양고등학교|35.3144677552007|126.980333755453,죽녹원|35.32783714533351|126.98593088715316;;메타프로방스|35.32204414727564|127.00291216021685;;담양국수거리|35.32384052865535|126.9851144410004;;메타세쿼이아길 인증센터|35.33409191544845|127.0177791322334;;메타세쿼이아랜드|35.3320063558634|127.016894361298,100.0,89.1,66.7,89.1,주거,"주거 점수가 가장 높습니다 (학교 수 8, 마트 수 5 기준)"
14,전라남도 담양군 담양읍 학동리,2022,활용형,단독주택,미동의,도시과,2023-05-15,35.3209620997338,127.010773089645,정확(리 단위),담양읍,15532,상,1/12위,44,4.39,8,5,18,"담양남초등학교, 담양동초등학교, 국립목포대학교 담양캠퍼스, 담양중학교, 담양고등학교","죽녹원, 메타프로방스, 담양국수거리, 메타세쿼이아길 인증센터, 메타세쿼이아랜드",담양남초등학교|35.3181604826574|126.986574791542;;담양동초등학교|35.3210047077135|126.98342465375;;국립목포대학교 담양캠퍼스|35.32760684903847|126.99050073614369;;담양중학교|35.316349851112|126.980993108595;;담양고등학교|35.3144677552007|126.980333755453,죽녹원|35.32783714533351|126.98593088715316;;메타프로방스|35.32204414727564|127.00291216021685;;담양국수거리|35.32384052865535|126.9851144410004;;메타세쿼이아길 인증센터|35.33409191544845|127.0177791322334;;메타세쿼이아랜드|35.3320063558634|127.016894361298,100.0,89.1,66.7,89.1,주거,"주거 점수가 가장 높습니다 (학교 수 8, 마트 수 5 기준)"
15,전라남도 담양군 담양읍 학동리,2022,활용형,단독주택,미동의,도시과,2023-05-15,35.3209620997338,127.010773089645,정확(리 단위),담양읍,15532,상,1/12위,44,4.39,8,5,18,"담양남초등학교, 담양동초등학교, 국립목포대학교 담양캠퍼스, 담양중학교, 담양고등학교","죽녹원, 메타프로방스, 담양국수거리, 메타세쿼이아길 인증센터, 메타세쿼이아랜드",담양남초등학교|35.3181604826574|126.986574791542;;담양동초등학교|35.3210047077135|126.98342465375;;국립목포대학교 담양캠퍼스|35.32760684903847|126.99050073614369;;담양중학교|35.316349851112|126.980993108595;;담양고등학교|35.3144677552007|126.980333755453,죽녹원|35.32783714533351|126.98593088715316;;메타프로방스|35.32204414727564|127.00291216021685;;담양국수거리|35.32384052865535|126.9851144410004;;메타세쿼이아길 인증센터|35.33409191544845|127.0177791322334;;메타세쿼이아랜드|35.3320063558634|127.016894361298,100.0,89.1,66.7,89.1,주거,"주거 점수가 가장 높습니다 (학교 수 8, 마트 수 5 기준)"
16,전라남도 담양군 담양읍 학동리,2022,활용형,단독주택,미동의,도시과,2023-05-15,35.3209620997338,127.010773089645,정확(리 단위),담양읍,15532,상,1/12위,44,4.39,8,5,18,"담양남초등학교, 담양동초등학교, 국립목포대학교 담양캠퍼스, 담양중학교, 담양고등학교","죽녹원, 메타프로방스, 담양국수거리, 메타세쿼이아길 인증센터, 메타세쿼이아랜드",담양남초등학교|35.3181604826574|126.986574791542;;담양동초등학교|35.3210047077135|126.98342465375;;국립목포대학교 담양캠퍼스|35.32760684903847|126.99050073614369;;담양중학교|35.316349851112|126.980993108595;;담양고등학교|35.3144677552007|126.980333755453,죽녹원|35.32783714533351|126.98593088715316;;메타프로방스|35.32204414727564|127.00291216021685;;담양국수거리|35.32384052865535|126.9851144410004;;메타세쿼이아길 인증센터|35.33409191544845|127.0177791322334;;메타세쿼이아랜드|35.3320063558634|127.016894361298,100.0,89.1,66.7,89.1,주거,"주거 점수가 가장 높습니다 (학교 수 8, 마트 수 5 기준)"
17,전라남도 담양군 담양읍 학동리,2022,활용형,단독주택,미동의,도시과,2023-05-15,35.3209620997338,127.010773089645,정확(리 단위),담양읍,15532,상,1/12위,44,4.39,8,5,18,"담양남초등학교, 담양동초등학교, 국립목포대학교 담양캠퍼스, 담양중학교, 담양고등학교","죽녹원, 메타프로방스, 담양국수거리, 메타세쿼이아길 인증센터, 메타세쿼이아랜드",담양남초등학교|35.3181604826574|126.986574791542;;담양동초등학교|35.3210047077135|126.98342465375;;국립목포대학교 담양캠퍼스|35.32760684903847|126.99050073614369;;담양중학교|35.316349851112|126.980993108595;;담양고등학교|35.3144677552007|126.980333755453,죽녹원|35.32783714533351|126.98593088715316;;메타프로방스|35.32204414727564|127.00291216021685;;담양국수거리|35.32384052865535|126.9851144410004;;메타세쿼이아길 인증센터|35.33409191544845|127.0177791322334;;메타세쿼이아랜드|35.3320063558634|127.016894361298,100.0,89.1,66.7,89.1,주거,"주거 점수가 가장 높습니다 (학교 수 8, 마트 수 5 기준)"
18,전라남도 담양군 담양읍 학동리,2022,활용형,단독주택,미동의,도시과,2023-05-15,35.3209620997338,127.010773089645,정확(리 단위),담양읍,15532,상,1/12위,44,4.39,8,5,18,"담양남초등학교, 담양동초등학교, 국립목포대학교 담양캠퍼스, 담양중학교, 담양고등학교","죽녹원, 메타프로방스, 담양국수거리, 메타세쿼이아길 인증센터, 메타세쿼이아랜드",담양남초등학교|35.3181604826574|126.986574791542;;담양동초등학교|35.3210047077135|126.98342465375;;국립목포대학교 담양캠퍼스|35.32760684903847|126.99050073614369;;담양중학교|35.316349851112|126.980993108595;;담양고등학교|35.3144677552007|126.980333755453,죽녹원|35.32783714533351|126.98593088715316;;메타프로방스|35.32204414727564|127.00291216021685;;담양국수거리|35.32384052865535|126.9851144410004;;메타세쿼이아길 인증센터|35.33409191544845|127.0177791322334;;메타세쿼이아랜드|35.3320063558634|127.016894361298,100.0,89.1,66.7,89.1,주거,"주거 점수가 가장 높습니다 (학교 수 8, 마트 수 5 기준)"
19,전라남도 담양군 담양읍 학동리,2022,철거형,단독주택,미동의,도시과,2023-05-15,35.3209620997338,127.010773089645,정확(리 단위),담양읍,15532,상,1/12위,44,4.39,8,5,18,"담양남초등학교, 담양동초등학교, 국립목포대학교 담양캠퍼스, 담양중학교, 담양고등학교","죽녹원, 메타프로방스, 담양국수거리, 메타세쿼이아길 인증센터, 메타세쿼이아랜드",담양남초등학교|35.3181604826574|126.986574791542;;담양동초등학교|35.3210047077135|126.98342465375;;국립목포대학교 담양캠퍼스|35.32760684903847|126.99050073614369;;담양중학교|35.316349851112|126.980993108595;;담양고등학교|35.3144677552007|126.980333755453,죽녹원|35.32783714533351|126.98593088715316;;메타프로방스|35.32204414727564|127.00291216021685;;담양국수거리|35.32384052865535|126.9851144410004;;메타세쿼이아길 인증센터|35.33409191544845|127.0177791322334;;메타세쿼이아랜드|35.3320063558634|127.016894361298,100.0,89.1,66.7,89.1,주거,"주거 점수가 가장 높습니다 (학교 수 8, 마트 수 5 기준)"
20,전라남도 담양군 담양읍 학동리,2022,활용형,단독주택,동의,도시과,2023-05-15,35.3209620997338,127.010773089645,정확(리 단위),담양읍,15532,상,1/12위,44,4.39,8,5,18,"담양남초등학교, 담양동초등학교, 국립목포대학교 담양캠퍼스, 담양중학교, 담양고등학교","죽녹원, 메타프로방스, 담양국수거리, 메타세쿼이아길 인증센터, 메타세쿼이아랜드",담양남초등학교|35.3181604826574|126.986574791542;;담양동초등학교|35.3210047077135|126.98342465375;;국립목포대학교 담양캠퍼스|35.32760684903847|126.99050073614369;;담양중학교|35.316349851112|126.980993108595;;담양고등학교|35.3144677552007|126.980333755453,죽녹원|35.32783714533351|126.98593088715316;;메타프로방스|35.32204414727564|127.00291216021685;;담양국수거리|35.32384052865535|126.9851144410004;;메타세쿼이아길 인증센터|35.33409191544845|127.0177791322334;;메타세쿼이아랜드|35.3320063558634|127.016894361298,100.0,89.1,66.7,89.1,주거,"주거 점수가 가장 높습니다 (학교 수 8, 마트 수 5 기준)"
21,전라남도 담양군 담양읍 학동리,2022,활용형,단독주택,미동의,도시과,2023-05-15,35.3209620997338,127.010773089645,정확(리 단위),담양읍,15532,상,1/12위,44,4.39,8,5,18,"담양남초등학교, 담양동초등학교, 국립목포대학교 담양캠퍼스, 담양중학교, 담양고등학교","죽녹원, 메타프로방스, 담양국수거리, 메타세쿼이아길 인증센터, 메타세쿼이아랜드",담양남초등학교|35.3181604826574|126.986574791542;;담양동초등학교|35.3210047077135|126.98342465375;;국립목포대학교 담양캠퍼스|35.32760684903847|126.99050073614369;;담양중학교|35.316349851112|126.980993108595;;담양고등학교|35.3144677552007|126.980333755453,죽녹원|35.32783714533351|126.98593088715316;;메타프로방스|35.32204414727564|127.00291216021685;;담양국수거리|35.32384052865535|126.9851144410004;;메타세쿼이아길 인증센터|35.33409191544845|127.0177791322334;;메타세쿼이아랜드|35.3320063558634|127.016894361298,100.0,89.1,66.7,89.1,주거,"주거 점수가 가장 높습니다 (학교 수 8, 마트 수 5 기준)"
22,전라남도 담양군 담양읍 학동리,2022,활용형,단독주택,미동의,도시과,2023-05-15,35.3209620997338,127.010773089645,정확(리 단위),담양읍,15532,상,1/12위,44,4.39,8,5,18,"담양남초등학교, 담양동초등학교, 국립목포대학교 담양캠퍼스, 담양중학교, 담양고등학교","죽녹원, 메타프로방스, 담양국수거리, 메타세쿼이아길 인증센터, 메타세쿼이아랜드",담양남초등학교|35.3181604826574|126.986574791542;;담양동초등학교|35.3210047077135|126.98342465375;;국립목포대학교 담양캠퍼스|35.32760684903847|126.99050073614369;;담양중학교|35.316349851112|126.980993108595;;담양고등학교|35.3144677552007|126.980333755453,죽녹원|35.32783714533351|126.98593088715316;;메타프로방스|35.32204414727564|127.00291216021685;;담양국수거리|35.32384052865535|126.9851144410004;;메타세쿼이아길 인증센터|35.33409191544845|127.0177791322334;;메타세쿼이아랜드|35.3320063558634|127.016894361298,100.0,89.1,66.7,89.1,주거,"주거 점수가 가장 높습니다 (학교 수 8, 마트 수 5 기준)"
23,전라남도 담양군 담양읍 금월리,2022,활용형,단독주택,미동의,도시과,2023-05-15,35.3312449634832,127.003268852288,정확(리 단위),담양읍,15532,상,1/12위,44,4.39,8,5,18,"담양남초등학교, 담양동초등학교, 국립목포대학교 담양캠퍼스, 담양중학교, 담양고등학교","죽녹원, 메타프로방스, 담양국수거리, 메타세쿼이아길 인증센터, 메타세쿼이아랜드",담양남초등학교|35.3181604826574|126.986574791542;;담양동초등학교|35.3210047077135|126.98342465375;;국립목포대학교 담양캠퍼스|35.32760684903847|126.99050073614369;;담양중학교|35.316349851112|126.980993108595;;담양고등학교|35.3144677552007|126.980333755453,죽녹원|35.32783714533351|126.98593088715316;;메타프로방스|35.32204414727564|127.00291216021685;;담양국수거리|35.32384052865535|126.9851144410004;;메타세쿼이아길 인증센터|35.33409191544845|127.0177791322334;;메타세쿼이아랜드|35.3320063558634|127.016894361298,100.0,89.1,66.7,89.1,주거,"주거 점수가 가장 높습니다 (학교 수 8, 마트 수 5 기준)"
24,전라남도 담양군 담양읍 삼다리,2022,활용형,단독주택,미동의,도시과,2023-05-15,35.3215043143917,126.961038019722,정확(리 단위),담양읍,15532,상,1/12위,44,4.39,8,5,18,"담양남초등학교, 담양동초등학교, 국립목포대학교 담양캠퍼스, 담양중학교, 담양고등학교","죽녹원, 메타프로방스, 담양국수거리, 메타세쿼이아길 인증센터, 메타세쿼이아랜드",담양남초등학교|35.3181604826574|126.986574791542;;담양동초등학교|35.3210047077135|126.98342465375;;국립목포대학교 담양캠퍼스|35.32760684903847|126.99050073614369;;담양중학교|35.316349851112|126.980993108595;;담양고등학교|35.3144677552007|126.980333755453,죽녹원|35.32783714533351|126.98593088715316;;메타프로방스|35.32204414727564|127.00291216021685;;담양국수거리|35.32384052865535|126.9851144410004;;메타세쿼이아길 인증센터|35.33409191544845|127.0177791322334;;메타세쿼이아랜드|35.3320063558634|127.016894361298,100.0,89.1,66.7,89.1,주거,"주거 점수가 가장 높습니다 (학교 수 8, 마트 수 5 기준)"
25,전라남도 담양군 담양읍 삼다리,2022,활용형,단독주택,미동의,도시과,2023-05-15,35.3215043143917,126.961038019722,정확(리 단위),담양읍,15532,상,1/12위,44,4.39,8,5,18,"담양남초등학교, 담양동초등학교, 국립목포대학교 담양캠퍼스, 담양중학교, 담양고등학교","죽녹원, 메타프로방스, 담양국수거리, 메타세쿼이아길 인증센터, 메타세쿼이아랜드",담양남초등학교|35.3181604826574|126.986574791542;;담양동초등학교|35.3210047077135|126.98342465375;;국립목포대학교 담양캠퍼스|35.32760684903847|126.99050073614369;;담양중학교|35.316349851112|126.980993108595;;담양고등학교|35.3144677552007|126.980333755453,죽녹원|35.32783714533351|126.98593088715316;;메타프로방스|35.32204414727564|127.00291216021685;;담양국수거리|35.32384052865535|126.9851144410004;;메타세쿼이아길 인증센터|35.33409191544845|127.0177791322334;;메타세쿼이아랜드|35.3320063558634|127.016894361298,100.0,89.1,66.7,89.1,주거,"주거 점수가 가장 높습니다 (학교 수 8, 마트 수 5 기준)"
26,전라남도 담양군 담양읍 삼다리,2022,활용형,단독주택,미동의,도시과,2023-05-15,35.3215043143917,126.961038019722,정확(리 단위),담양읍,15532,상,1/12위,44,4.39,8,5,18,"담양남초등학교, 담양동초등학교, 국립목포대학교 담양캠퍼스, 담양중학교, 담양고등학교","죽녹원, 메타프로방스, 담양국수거리, 메타세쿼이아길 인증센터, 메타세쿼이아랜드",담양남초등학교|35.3181604826574|126.986574791542;;담양동초등학교|35.3210047077135|126.98342465375;;국립목포대학교 담양캠퍼스|35.32760684903847|126.99050073614369;;담양중학교|35.316349851112|126.980993108595;;담양고등학교|35.3144677552007|126.980333755453,죽녹원|35.32783714533351|126.98593088715316;;메타프로방스|35.32204414727564|127.00291216021685;;담양국수거리|35.32384052865535|126.9851144410004;;메타세쿼이아길 인증센터|35.33409191544845|127.0177791322334;;메타세쿼이아랜드|35.3320063558634|127.016894361298,100.0,89.1,66.7,89.1,주거,"주거 점수가 가장 높습니다 (학교 수 8, 마트 수 5 기준)"
27,전라남도 담양군 담양읍 삼다리,2022,활용형,단독주택,미동의,도시과,2023-05-15,35.3215043143917,126.961038019722,정확(리 단위),담양읍,15532,상,1/12위,44,4.39,8,5,18,"담양남초등학교, 담양동초등학교, 국립목포대학교 담양캠퍼스, 담양중학교, 담양고등학교","죽녹원, 메타프로방스, 담양국수거리, 메타세쿼이아길 인증센터, 메타세쿼이아랜드",담양남초등학교|35.3181604826574|126.986574791542;;담양동초등학교|35.3210047077135|126.98342465375;;국립목포대학교 담양캠퍼스|35.32760684903847|126.99050073614369;;담양중학교|35.316349851112|126.980993108595;;담양고등학교|35.3144677552007|126.980333755453,죽녹원|35.32783714533351|126.98593088715316;;메타프로방스|35.32204414727564|127.00291216021685;;담양국수거리|35.32384052865535|126.9851144410004;;메타세쿼이아길 인증센터|35.33409191544845|127.0177791322334;;메타세쿼이아랜드|35.3320063558634|127.016894361298,100.0,89.1,66.7,89.1,주거,"주거 점수가 가장 높습니다 (학교 수 8, 마트 수 5 기준)"
28,전라남도 담양군 봉산면 대추리,2022,활용형,단독주택,미동의,도시과,2023-05-15,35.2929254738754,126.9635142956,정확(리 단위),봉산면,2744,중,6/12위,46,0.5,1,1,0,봉산초등학교,"죽화경, 영산강, 오봉저수지, 방축제, 탄금제",봉산초등학교|35.2771643457718|126.957159478005,죽화경|35.25238314609811|126.96374783856889;;영산강|35.288973156409|126.950935555672;;오봉저수지|35.283501048567096|126.98440622419423;;방축제|35.272844660095416|126.96115805429952;;탄금제|35.269462894175355|126.96752205306294,2.7,38.8,49.6,37.4,게스트하우스펜션,"게스트하우스펜션 점수가 가장 높습니다 (관광명소 수 46, 공원 수 0 기준)"
29,전라남도 담양군 봉산면 대추리,2022,철거형,단독주택,미동의,도시과,2023-05-15,35.2929254738754,126.9635142956,정확(리 단위),봉산면,2744,중,6/12위,46,0.5,1,1,0,봉산초등학교,"죽화경, 영산강, 오봉저수지, 방축제, 탄금제",봉산초등학교|35.2771643457718|126.957159478005,죽화경|35.25238314609811|126.96374783856889;;영산강|35.288973156409|126.950935555672;;오봉저수지|35.283501048567096|126.98440622419423;;방축제|35.272844660095416|126.96115805429952;;탄금제|35.269462894175355|126.96752205306294,2.7,38.8,49.6,37.4,게스트하우스펜션,"게스트하우스펜션 점수가 가장 높습니다 (관광명소 수 46, 공원 수 0 기준)"
30,전라남도 담양군 봉산면 대추리,2022,활용형,단독주택,미동의,도시과,2023-05-15,35.2929254738754,126.9635142956,정확(리 단위),봉산면,2744,중,6/12위,46,0.5,1,1,0,봉산초등학교,"죽화경, 영산강, 오봉저수지, 방축제, 탄금제",봉산초등학교|35.2771643457718|126.957159478005,죽화경|35.25238314609811|126.96374783856889;;영산강|35.288973156409|126.950935555672;;오봉저수지|35.283501048567096|126.98440622419423;;방축제|35.272844660095416|126.96115805429952;;탄금제|35.269462894175355|126.96752205306294,2.7,38.8,49.6,37.4,게스트하우스펜션,"게스트하우스펜션 점수가 가장 높습니다 (관광명소 수 46, 공원 수 0 기준)"
31,전라남도 담양군 봉산면 대추리,2022,철거형,단독주택,미동의,도시과,2023-05-15,35.2929254738754,126.9635142956,정확(리 단위),봉산면,2744,중,6/12위,46,0.5,1,1,0,봉산초등학교,"죽화경, 영산강, 오봉저수지, 방축제, 탄금제",봉산초등학교|35.2771643457718|126.957159478005,죽화경|35.25238314609811|126.96374783856889;;영산강|35.288973156409|126.950935555672;;오봉저수지|35.283501048567096|126.98440622419423;;방축제|35.272844660095416|126.96115805429952;;탄금제|35.269462894175355|126.96752205306294,2.7,38.8,49.6,37.4,게스트하우스펜션,"게스트하우스펜션 점수가 가장 높습니다 (관광명소 수 46, 공원 수 0 기준)"
32,전라남도 담양군 봉산면 대추리,2022,활용형,단독주택,동의,도시과,2023-05-15,35.2929254738754,126.9635142956,정확(리 단위),봉산면,2744,중,6/12위,46,0.5,1,1,0,봉산초등학교,"죽화경, 영산강, 오봉저수지, 방축제, 탄금제",봉산초등학교|35.2771643457718|126.957159478005,죽화경|35.25238314609811|126.96374783856889;;영산강|35.288973156409|126.950935555672;;오봉저수지|35.283501048567096|126.98440622419423;;방축제|35.272844660095416|126.96115805429952;;탄금제|35.269462894175355|126.96752205306294,2.7,38.8,49.6,37.4,게스트하우스펜션,"게스트하우스펜션 점수가 가장 높습니다 (관광명소 수 46, 공원 수 0 기준)"
33,전라남도 담양군 봉산면 대추리,2022,활용형,단독주택,미동의,도시과,2023-05-15,35.2929254738754,126.9635142956,정확(리 단위),봉산면,2744,중,6/12위,46,0.5,1,1,0,봉산초등학교,"죽화경, 영산강, 오봉저수지, 방축제, 탄금제",봉산초등학교|35.2771643457718|126.957159478005,죽화경|35.25238314609811|126.96374783856889;;영산강|35.288973156409|126.950935555672;;오봉저수지|35.283501048567096|126.98440622419423;;방축제|35.272844660095416|126.96115805429952;;탄금제|35.269462894175355|126.96752205306294,2.7,38.8,49.6,37.4,게스트하우스펜션,"게스트하우스펜션 점수가 가장 높습니다 (관광명소 수 46, 공원 수 0 기준)"
34,전라남도 담양군 봉산면 대추리,2022,활용형,단독주택,미동의,도시과,2023-05-15,35.2929254738754,126.9635142956,정확(리 단위),봉산면,2744,중,6/12위,46,0.5,1,1,0,봉산초등학교,"죽화경, 영산강, 오봉저수지, 방축제, 탄금제",봉산초등학교|35.2771643457718|126.957159478005,죽화경|35.25238314609811|126.96374783856889;;영산강|35.288973156409|126.950935555672;;오봉저수지|35.283501048567096|126.98440622419423;;방축제|35.272844660095416|126.96115805429952;;탄금제|35.269462894175355|126.96752205306294,2.7,38.8,49.6,37.4,게스트하우스펜션,"게스트하우스펜션 점수가 가장 높습니다 (관광명소 수 46, 공원 수 0 기준)"
35,전라남도 담양군 봉산면 대추리,2022,활용형,단독주택,미동의,도시과,2023-05-15,35.2929254738754,126.9635142956,정확(리 단위),봉산면,2744,중,6/12위,46,0.5,1,1,0,봉산초등학교,"죽화경, 영산강, 오봉저수지, 방축제, 탄금제",봉산초등학교|35.2771643457718|126.957159478005,죽화경|35.25238314609811|126.96374783856889;;영산강|35.288973156409|126.950935555672;;오봉저수지|35.283501048567096|126.98440622419423;;방축제|35.272844660095416|126.96115805429952;;탄금제|35.269462894175355|126.96752205306294,2.7,38.8,49.6,37.4,게스트하우스펜션,"게스트하우스펜션 점수가 가장 높습니다 (관광명소 수 46, 공원 수 0 기준)"
36,전라남도 담양군 봉산면 대추리,2022,활용형,단독주택,미동의,도시과,2023-05-15,35.2929254738754,126.9635142956,정확(리 단위),봉산면,2744,중,6/12위,46,0.5,1,1,0,봉산초등학교,"죽화경, 영산강, 오봉저수지, 방축제, 탄금제",봉산초등학교|35.2771643457718|126.957159478005,죽화경|35.25238314609811|126.96374783856889;;영산강|35.288973156409|126.950935555672;;오봉저수지|35.283501048567096|126.98440622419423;;방축제|35.272844660095416|126.96115805429952;;탄금제|35.269462894175355|126.96752205306294,2.7,38.8,49.6,37.4,게스트하우스펜션,"게스트하우스펜션 점수가 가장 높습니다 (관광명소 수 46, 공원 수 0 기준)"
37,전라남도 담양군 봉산면 대추리,2022,활용형,단독주택,미동의,도시과,2023-05-15,35.2929254738754,126.9635142956,정확(리 단위),봉산면,2744,중,6/12위,46,0.5,1,1,0,봉산초등학교,"죽화경, 영산강, 오봉저수지, 방축제, 탄금제",봉산초등학교|35.2771643457718|126.957159478005,죽화경|35.25238314609811|126.96374783856889;;영산강|35.288973156409|126.950935555672;;오봉저수지|35.283501048567096|126.98440622419423;;방축제|35.272844660095416|126.96115805429952;;탄금제|35.269462894175355|126.96752205306294,2.7,38.8,49.6,37.4,게스트하우스펜션,"게스트하우스펜션 점수가 가장 높습니다 (관광명소 수 46, 공원 수 0 기준)"
38,전라남도 담양군 봉산면 대추리,2022,활용형,단독주택,미동의,도시과,2023-05-15,35.2929254738754,126.9635142956,정확(리 단위),봉산면,2744,중,6/12위,46,0.5,1,1,0,봉산초등학교,"죽화경, 영산강, 오봉저수지, 방축제, 탄금제",봉산초등학교|35.2771643457718|126.957159478005,죽화경|35.25238314609811|126.96374783856889;;영산강|35.288973156409|126.950935555672;;오봉저수지|35.283501048567096|126.98440622419423;;방축제|35.272844660095416|126.96115805429952;;탄금제|35.269462894175355|126.96752205306294,2.7,38.8,49.6,37.4,게스트하우스펜션,"게스트하우스펜션 점수가 가장 높습니다 (관광명소 수 46, 공원 수 0 기준)"
39,전라남도 담양군 봉산면 대추리,2022,활용형,단독주택,미동의,도시과,2023-05-15,35.2929254738754,126.9635142956,정확(리 단위),봉산면,2744,중,6/12위,46,0.5,1,1,0,봉산초등학교,"죽화경, 영산강, 오봉저수지, 방축제, 탄금제",봉산초등학교|35.2771643457718|126.957159478005,죽화경|35.25238314609811|126.96374783856889;;영산강|35.288973156409|126.950935555672;;오봉저수지|35.283501048567096|126.98440622419423;;방축제|35.272844660095416|126.96115805429952;;탄금제|35.269462894175355|126.96752205306294,2.7,38.8,49.6,37.4,게스트하우스펜션,"게스트하우스펜션 점수가 가장 높습니다 (관광명소 수 46, 공원 수 0 기준)"
40,전라남도 담양군 봉산면 제월리,2022,철거형,단독주택,미동의,도시과,2023-05-15,35.2832175421132,126.968144223762,정확(리 단위),봉산면,2744,중,6/12위,46,0.5,1,1,0,봉산초등학교,"죽화경, 영산강, 오봉저수지, 방축제, 탄금제",봉산초등학교|35.2771643457718|126.957159478005,죽화경|35.25238314609811|126.96374783856889;;영산강|35.288973156409|126.950935555672;;오봉저수지|35.283501048567096|126.98440622419423;;방축제|35.272844660095416|126.96115805429952;;탄금제|35.269462894175355|126.96752205306294,2.7,38.8,49.6,37.4,게스트하우스펜션,"게스트하우스펜션 점수가 가장 높습니다 (관광명소 수 46, 공원 수 0 기준)"
41,전라남도 담양군 봉산면 제월리,2022,철거형,단독주택,미동의,도시과,2023-05-15,35.2832175421132,126.968144223762,정확(리 단위),봉산면,2744,중,6/12위,46,0.5,1,1,0,봉산초등학교,"죽화경, 영산강, 오봉저수지, 방축제, 탄금제",봉산초등학교|35.2771643457718|126.957159478005,죽화경|35.25238314609811|126.96374783856889;;영산강|35.288973156409|126.950935555672;;오봉저수지|35.283501048567096|126.98440622419423;;방축제|35.272844660095416|126.96115805429952;;탄금제|35.269462894175355|126.96752205306294,2.7,38.8,49.6,37.4,게스트하우스펜션,"게스트하우스펜션 점수가 가장 높습니다 (관광명소 수 46, 공원 수 0 기준)"
42,전라남도 담양군 봉산면 제월리,2022,활용형,단독주택,미동의,도시과,2023-05-15,35.2832175421132,126.968144223762,정확(리 단위),봉산면,2744,중,6/12위,46,0.5,1,1,0,봉산초등학교,"죽화경, 영산강, 오봉저수지, 방축제, 탄금제",봉산초등학교|35.2771643457718|126.957159478005,죽화경|35.25238314609811|126.96374783856889;;영산강|35.288973156409|126.950935555672;;오봉저수지|35.283501048567096|126.98440622419423;;방축제|35.272844660095416|126.96115805429952;;탄금제|35.269462894175355|126.96752205306294,2.7,38.8,49.6,37.4,게스트하우스펜션,"게스트하우스펜션 점수가 가장 높습니다 (관광명소 수 46, 공원 수 0 기준)"
43,전라남도 담양군 봉산면 제월리,2022,철거형,단독주택,미동의,도시과,2023-05-15,35.2832175421132,126.968144223762,정확(리 단위),봉산면,2744,중,6/12위,46,0.5,1,1,0,봉산초등학교,"죽화경, 영산강, 오봉저수지, 방축제, 탄금제",봉산초등학교|35.2771643457718|126.957159478005,죽화경|35.25238314609811|126.96374783856889;;영산강|35.288973156409|126.950935555672;;오봉저수지|35.283501048567096|126.98440622419423;;방축제|35.272844660095416|126.96115805429952;;탄금제|35.269462894175355|126.96752205306294,2.7,38.8,49.6,37.4,게스트하우스펜션,"게스트하우스펜션 점수가 가장 높습니다 (관광명소 수 46, 공원 수 0 기준)"
44,전라남도 담양군 봉산면 제월리,2022,활용형,단독주택,미동의,도시과,2023-05-15,35.2832175421132,126.968144223762,정확(리 단위),봉산면,2744,중,6/12위,46,0.5,1,1,0,봉산초등학교,"죽화경, 영산강, 오봉저수지, 방축제, 탄금제",봉산초등학교|35.2771643457718|126.957159478005,죽화경|35.25238314609811|126.96374783856889;;영산강|35.288973156409|126.950935555672;;오봉저수지|35.283501048567096|126.98440622419423;;방축제|35.272844660095416|126.96115805429952;;탄금제|35.269462894175355|126.96752205306294,2.7,38.8,49.6,37.4,게스트하우스펜션,"게스트하우스펜션 점수가 가장 높습니다 (관광명소 수 46, 공원 수 0 기준)"
45,전라남도 담양군 봉산면 제월리,2022,활용형,단독주택,미동의,도시과,2023-05-15,35.2832175421132,126.968144223762,정확(리 단위),봉산면,2744,중,6/12위,46,0.5,1,1,0,봉산초등학교,"죽화경, 영산강, 오봉저수지, 방축제, 탄금제",봉산초등학교|35.2771643457718|126.957159478005,죽화경|35.25238314609811|126.96374783856889;;영산강|35.288973156409|126.950935555672;;오봉저수지|35.283501048567096|126.98440622419423;;방축제|35.272844660095416|126.96115805429952;;탄금제|35.269462894175355|126.96752205306294,2.7,38.8,49.6,37.4,게스트하우스펜션,"게스트하우스펜션 점수가 가장 높습니다 (관광명소 수 46, 공원 수 0 기준)"
46,전라남도 담양군 봉산면 제월리 산,2022,활용형,단독주택,미동의,도시과,2023-05-15,35.2761980165593,126.956904986794,근사(읍면 단위),봉산면,2744,중,6/12위,46,0.5,1,1,0,봉산초등학교,"죽화경, 영산강, 오봉저수지, 방축제, 탄금제",봉산초등학교|35.2771643457718|126.957159478005,죽화경|35.25238314609811|126.96374783856889;;영산강|35.288973156409|126.950935555672;;오봉저수지|35.283501048567096|126.98440622419423;;방축제|35.272844660095416|126.96115805429952;;탄금제|35.269462894175355|126.96752205306294,2.7,38.8,49.6,37.4,게스트하우스펜션,"게스트하우스펜션 점수가 가장 높습니다 (관광명소 수 46, 공원 수 0 기준)"
47,전라남도 담양군 봉산면 제월리 산,2022,활용형,단독주택,미동의,도시과,2023-05-15,35.2761980165593,126.956904986794,근사(읍면 단위),봉산면,2744,중,6/12위,46,0.5,1,1,0,봉산초등학교,"죽화경, 영산강, 오봉저수지, 방축제, 탄금제",봉산초등학교|35.2771643457718|126.957159478005,죽화경|35.25238314609811|126.96374783856889;;영산강|35.288973156409|126.950935555672;;오봉저수지|35.283501048567096|126.98440622419423;;방축제|35.272844660095416|126.96115805429952;;탄금제|35.269462894175355|126.96752205306294,2.7,38.8,49.6,37.4,게스트하우스펜션,"게스트하우스펜션 점수가 가장 높습니다 (관광명소 수 46, 공원 수 0 기준)"
48,전라남도 담양군 봉산면 신학리,2022,활용형,단독주택,미동의,도시과,2023-05-15,35.2736751754828,126.949924813835,정확(리 단위),봉산면,2744,중,6/12위,46,0.5,1,1,0,봉산초등학교,"죽화경, 영산강, 오봉저수지, 방축제, 탄금제",봉산초등학교|35.2771643457718|126.957159478005,죽화경|35.25238314609811|126.96374783856889;;영산강|35.288973156409|126.950935555672;;오봉저수지|35.283501048567096|126.98440622419423;;방축제|35.272844660095416|126.96115805429952;;탄금제|35.269462894175355|126.96752205306294,2.7,38.8,49.6,37.4,게스트하우스펜션,"게스트하우스펜션 점수가 가장 높습니다 (관광명소 수 46, 공원 수 0 기준)"
49,전라남도 담양군 봉산면 신학리,2022,활용형,단독주택,미동의,도시과,2023-05-15,35.2736751754828,126.949924813835,정확(리 단위),봉산면,2744,중,6/12위,46,0.5,1,1,0,봉산초등학교,"죽화경, 영산강, 오봉저수지, 방축제, 탄금제",봉산초등학교|35.2771643457718|126.957159478005,죽화경|35.25238314609811|126.96374783856889;;영산강|35.288973156409|126.950935555672;;오봉저수지|35.283501048567096|126.98440622419423;;방축제|35.272844660095416|126.96115805429952;;탄금제|35.269462894175355|126.96752205306294,2.7,38.8,49.6,37.4,게스트하우스펜션,"게스트하우스펜션 점수가 가장 높습니다 (관광명소 수 46, 공원 수 0 기준)"
50,전라남도 담양군 봉산면 신학리,2022,활용형,단독주택,미동의,도시과,2023-05-15,35.2736751754828,126.949924813835,정확(리 단위),봉산면,2744,중,6/12위,46,0.5,1,1,0,봉산초등학교,"죽화경, 영산강, 오봉저수지, 방축제, 탄금제",봉산초등학교|35.2771643457718|126.957159478005,죽화경|35.25238314609811|126.96374783856889;;영산강|35.288973156409|126.950935555672;;오봉저수지|35.283501048567096|126.98440622419423;;방축제|35.272844660095416|126.96115805429952;;탄금제|35.269462894175355|126.96752205306294,2.7,38.8,49.6,37.4,게스트하우스펜션,"게스트하우스펜션 점수가 가장 높습니다 (관광명소 수 46, 공원 수 0 기준)"
51,전라남도 담양군 봉산면 신학리,2022,활용형,단독주택,미동의,도시과,2023-05-15,35.2736751754828,126.949924813835,정확(리 단위),봉산면,2744,중,6/12위,46,0.5,1,1,0,봉산초등학교,"죽화경, 영산강, 오봉저수지, 방축제, 탄금제",봉산초등학교|35.2771643457718|126.957159478005,죽화경|35.25238314609811|126.96374783856889;;영산강|35.288973156409|126.950935555672;;오봉저수지|35.283501048567096|126.98440622419423;;방축제|35.272844660095416|126.96115805429952;;탄금제|35.269462894175355|126.96752205306294,2.7,38.8,49.6,37.4,게스트하우스펜션,"게스트하우스펜션 점수가 가장 높습니다 (관광명소 수 46, 공원 수 0 기준)"
52,전라남도 담양군 봉산면 신학리,2022,활용형,단독주택,미동의,도시과,2023-05-15,35.2736751754828,126.949924813835,정확(리 단위),봉산면,2744,중,6/12위,46,0.5,1,1,0,봉산초등학교,"죽화경, 영산강, 오봉저수지, 방축제, 탄금제",봉산초등학교|35.2771643457718|126.957159478005,죽화경|35.25238314609811|126.96374783856889;;영산강|35.288973156409|126.950935555672;;오봉저수지|35.283501048567096|126.98440622419423;;방축제|35.272844660095416|126.96115805429952;;탄금제|35.269462894175355|126.96752205306294,2.7,38.8,49.6,37.4,게스트하우스펜션,"게스트하우스펜션 점수가 가장 높습니다 (관광명소 수 46, 공원 수 0 기준)"
53,전라남도 담양군 봉산면 신학리,2022,활용형,단독주택,미동의,도시과,2023-05-15,35.2736751754828,126.949924813835,정확(리 단위),봉산면,2744,중,6/12위,46,0.5,1,1,0,봉산초등학교,"죽화경, 영산강, 오봉저수지, 방축제, 탄금제",봉산초등학교|35.2771643457718|126.957159478005,죽화경|35.25238314609811|126.96374783856889;;영산강|35.288973156409|126.950935555672;;오봉저수지|35.283501048567096|126.98440622419423;;방축제|35.272844660095416|126.96115805429952;;탄금제|35.269462894175355|126.96752205306294,2.7,38.8,49.6,37.4,게스트하우스펜션,"게스트하우스펜션 점수가 가장 높습니다 (관광명소 수 46, 공원 수 0 기준)"
54,전라남도 담양군 봉산면 신학리,2022,활용형,단독주택,미동의,도시과,2023-05-15,35.2736751754828,126.949924813835,정확(리 단위),봉산면,2744,중,6/12위,46,0.5,1,1,0,봉산초등학교,"죽화경, 영산강, 오봉저수지, 방축제, 탄금제",봉산초등학교|35.2771643457718|126.957159478005,죽화경|35.25238314609811|126.96374783856889;;영산강|35.288973156409|126.950935555672;;오봉저수지|35.283501048567096|126.98440622419423;;방축제|35.272844660095416|126.96115805429952;;탄금제|35.269462894175355|126.96752205306294,2.7,38.8,49.6,37.4,게스트하우스펜션,"게스트하우스펜션 점수가 가장 높습니다 (관광명소 수 46, 공원 수 0 기준)"
55,전라남도 담양군 봉산면 신학리 산,2022,활용형,단독주택,미동의,도시과,2023-05-15,35.2761980165593,126.956904986794,근사(읍면 단위),봉산면,2744,중,6/12위,46,0.5,1,1,0,봉산초등학교,"죽화경, 영산강, 오봉저수지, 방축제, 탄금제",봉산초등학교|35.2771643457718|126.957159478005,죽화경|35.25238314609811|126.96374783856889;;영산강|35.288973156409|126.950935555672;;오봉저수지|35.283501048567096|126.98440622419423;;방축제|35.272844660095416|126.96115805429952;;탄금제|35.269462894175355|126.96752205306294,2.7,38.8,49.6,37.4,게스트하우스펜션,"게스트하우스펜션 점수가 가장 높습니다 (관광명소 수 46, 공원 수 0 기준)"
56,전라남도 담양군 봉산면 기곡리,2022,활용형,단독주택,미동의,도시과,2023-05-15,35.270729095636,126.970307675886,정확(리 단위),봉산면,2744,중,6/12위,46,0.5,1,1,0,봉산초등학교,"죽화경, 영산강, 오봉저수지, 방축제, 탄금제",봉산초등학교|35.2771643457718|126.957159478005,죽화경|35.25238314609811|126.96374783856889;;영산강|35.288973156409|126.950935555672;;오봉저수지|35.283501048567096|126.98440622419423;;방축제|35.272844660095416|126.96115805429952;;탄금제|35.269462894175355|126.96752205306294,2.7,38.8,49.6,37.4,게스트하우스펜션,"게스트하우스펜션 점수가 가장 높습니다 (관광명소 수 46, 공원 수 0 기준)"
57,전라남도 담양군 봉산면 기곡리,2022,활용형,단독주택,미동의,도시과,2023-05-15,35.270729095636,126.970307675886,정확(리 단위),봉산면,2744,중,6/12위,46,0.5,1,1,0,봉산초등학교,"죽화경, 영산강, 오봉저수지, 방축제, 탄금제",봉산초등학교|35.2771643457718|126.957159478005,죽화경|35.25238314609811|126.96374783856889;;영산강|35.288973156409|126.950935555672;;오봉저수지|35.283501048567096|126.98440622419423;;방축제|35.272844660095416|126.96115805429952;;탄금제|35.269462894175355|126.96752205306294,2.7,38.8,49.6,37.4,게스트하우스펜션,"게스트하우스펜션 점수가 가장 높습니다 (관광명소 수 46, 공원 수 0 기준)"
58,전라남도 담양군 봉산면 기곡리,2022,활용형,단독주택,미동의,도시과,2023-05-15,35.270729095636,126.970307675886,정확(리 단위),봉산면,2744,중,6/12위,46,0.5,1,1,0,봉산초등학교,"죽화경, 영산강, 오봉저수지, 방축제, 탄금제",봉산초등학교|35.2771643457718|126.957159478005,죽화경|35.25238314609811|126.96374783856889;;영산강|35.288973156409|126.950935555672;;오봉저수지|35.283501048567096|126.98440622419423;;방축제|35.272844660095416|126.96115805429952;;탄금제|35.269462894175355|126.96752205306294,2.7,38.8,49.6,37.4,게스트하우스펜션,"게스트하우스펜션 점수가 가장 높습니다 (관광명소 수 46, 공원 수 0 기준)"
59,전라남도 담양군 봉산면 기곡리,2022,활용형,단독주택,미동의,도시과,2023-05-15,35.270729095636,126.970307675886,정확(리 단위),봉산면,2744,중,6/12위,46,0.5,1,1,0,봉산초등학교,"죽화경, 영산강, 오봉저수지, 방축제, 탄금제",봉산초등학교|35.2771643457718|126.957159478005,죽화경|35.25238314609811|126.96374783856889;;영산강|35.288973156409|126.950935555672;;오봉저수지|35.283501048567096|126.98440622419423;;방축제|35.272844660095416|126.96115805429952;;탄금제|35.269462894175355|126.96752205306294,2.7,38.8,49.6,37.4,게스트하우스펜션,"게스트하우스펜션 점수가 가장 높습니다 (관광명소 수 46, 공원 수 0 기준)"
60,전라남도 담양군 봉산면 기곡리,2022,활용형,단독주택,미동의,도시과,2023-05-15,35.270729095636,126.970307675886,정확(리 단위),봉산면,2744,중,6/12위,46,0.5,1,1,0,봉산초등학교,"죽화경, 영산강, 오봉저수지, 방축제, 탄금제",봉산초등학교|35.2771643457718|126.957159478005,죽화경|35.25238314609811|126.96374783856889;;영산강|35.288973156409|126.950935555672;;오봉저수지|35.283501048567096|126.98440622419423;;방축제|35.272844660095416|126.96115805429952;;탄금제|35.269462894175355|126.96752205306294,2.7,38.8,49.6,37.4,게스트하우스펜션,"게스트하우스펜션 점수가 가장 높습니다 (관광명소 수 46, 공원 수 0 기준)"
61,전라남도 담양군 봉산면 기곡리,2022,활용형,단독주택,미동의,도시과,2023-05-15,35.270729095636,126.970307675886,정확(리 단위),봉산면,2744,중,6/12위,46,0.5,1,1,0,봉산초등학교,"죽화경, 영산강, 오봉저수지, 방축제, 탄금제",봉산초등학교|35.2771643457718|126.957159478005,죽화경|35.25238314609811|126.96374783856889;;영산강|35.288973156409|126.950935555672;;오봉저수지|35.283501048567096|126.98440622419423;;방축제|35.272844660095416|126.96115805429952;;탄금제|35.269462894175355|126.96752205306294,2.7,38.8,49.6,37.4,게스트하우스펜션,"게스트하우스펜션 점수가 가장 높습니다 (관광명소 수 46, 공원 수 0 기준)"
62,전라남도 담양군 봉산면 기곡리,2022,철거형,단독주택,미동의,도시과,2023-05-15,35.270729095636,126.970307675886,정확(리 단위),봉산면,2744,중,6/12위,46,0.5,1,1,0,봉산초등학교,"죽화경, 영산강, 오봉저수지, 방축제, 탄금제",봉산초등학교|35.2771643457718|126.957159478005,죽화경|35.25238314609811|126.96374783856889;;영산강|35.288973156409|126.950935555672;;오봉저수지|35.283501048567096|126.98440622419423;;방축제|35.272844660095416|126.96115805429952;;탄금제|35.269462894175355|126.96752205306294,2.7,38.8,49.6,37.4,게스트하우스펜션,"게스트하우스펜션 점수가 가장 높습니다 (관광명소 수 46, 공원 수 0 기준)"
63,전라남도 담양군 봉산면 연동리,2022,활용형,단독주택,미동의,도시과,2023-05-15,35.2634426256776,126.958094228582,정확(리 단위),봉산면,2744,중,6/12위,46,0.5,1,1,0,봉산초등학교,"죽화경, 영산강, 오봉저수지, 방축제, 탄금제",봉산초등학교|35.2771643457718|126.957159478005,죽화경|35.25238314609811|126.96374783856889;;영산강|35.288973156409|126.950935555672;;오봉저수지|35.283501048567096|126.98440622419423;;방축제|35.272844660095416|126.96115805429952;;탄금제|35.269462894175355|126.96752205306294,2.7,38.8,49.6,37.4,게스트하우스펜션,"게스트하우스펜션 점수가 가장 높습니다 (관광명소 수 46, 공원 수 0 기준)"
64,전라남도 담양군 봉산면 연동리,2022,활용형,단독주택,미동의,도시과,2023-05-15,35.2634426256776,126.958094228582,정확(리 단위),봉산면,2744,중,6/12위,46,0.5,1,1,0,봉산초등학교,"죽화경, 영산강, 오봉저수지, 방축제, 탄금제",봉산초등학교|35.2771643457718|126.957159478005,죽화경|35.25238314609811|126.96374783856889;;영산강|35.288973156409|126.950935555672;;오봉저수지|35.283501048567096|126.98440622419423;;방축제|35.272844660095416|126.96115805429952;;탄금제|35.269462894175355|126.96752205306294,2.7,38.8,49.6,37.4,게스트하우스펜션,"게스트하우스펜션 점수가 가장 높습니다 (관광명소 수 46, 공원 수 0 기준)"
65,전라남도 담양군 봉산면 연동리,2022,활용형,단독주택,미동의,도시과,2023-05-15,35.2634426256776,126.958094228582,정확(리 단위),봉산면,2744,중,6/12위,46,0.5,1,1,0,봉산초등학교,"죽화경, 영산강, 오봉저수지, 방축제, 탄금제",봉산초등학교|35.2771643457718|126.957159478005,죽화경|35.25238314609811|126.96374783856889;;영산강|35.288973156409|126.950935555672;;오봉저수지|35.283501048567096|126.98440622419423;;방축제|35.272844660095416|126.96115805429952;;탄금제|35.269462894175355|126.96752205306294,2.7,38.8,49.6,37.4,게스트하우스펜션,"게스트하우스펜션 점수가 가장 높습니다 (관광명소 수 46, 공원 수 0 기준)"
66,전라남도 담양군 봉산면 연동리,2022,활용형,단독주택,미동의,도시과,2023-05-15,35.2634426256776,126.958094228582,정확(리 단위),봉산면,2744,중,6/12위,46,0.5,1,1,0,봉산초등학교,"죽화경, 영산강, 오봉저수지, 방축제, 탄금제",봉산초등학교|35.2771643457718|126.957159478005,죽화경|35.25238314609811|126.96374783856889;;영산강|35.288973156409|126.950935555672;;오봉저수지|35.283501048567096|126.98440622419423;;방축제|35.272844660095416|126.96115805429952;;탄금제|35.269462894175355|126.96752205306294,2.7,38.8,49.6,37.4,게스트하우스펜션,"게스트하우스펜션 점수가 가장 높습니다 (관광명소 수 46, 공원 수 0 기준)"
67,전라남도 담양군 봉산면 유산리,2022,철거형,단독주택,미동의,도시과,2023-05-15,35.2547695747645,126.962647927187,정확(리 단위),봉산면,2744,중,6/12위,46,0.5,1,1,0,봉산초등학교,"죽화경, 영산강, 오봉저수지, 방축제, 탄금제",봉산초등학교|35.2771643457718|126.957159478005,죽화경|35.25238314609811|126.96374783856889;;영산강|35.288973156409|126.950935555672;;오봉저수지|35.283501048567096|126.98440622419423;;방축제|35.272844660095416|126.96115805429952;;탄금제|35.269462894175355|126.96752205306294,2.7,38.8,49.6,37.4,게스트하우스펜션,"게스트하우스펜션 점수가 가장 높습니다 (관광명소 수 46, 공원 수 0 기준)"
68,전라남도 담양군 봉산면 유산리,2022,활용형,단독주택,미동의,도시과,2023-05-15,35.2547695747645,126.962647927187,정확(리 단위),봉산면,2744,중,6/12위,46,0.5,1,1,0,봉산초등학교,"죽화경, 영산강, 오봉저수지, 방축제, 탄금제",봉산초등학교|35.2771643457718|126.957159478005,죽화경|35.25238314609811|126.96374783856889;;영산강|35.288973156409|126.950935555672;;오봉저수지|35.283501048567096|126.98440622419423;;방축제|35.272844660095416|126.96115805429952;;탄금제|35.269462894175355|126.96752205306294,2.7,38.8,49.6,37.4,게스트하우스펜션,"게스트하우스펜션 점수가 가장 높습니다 (관광명소 수 46, 공원 수 0 기준)"
69,전라남도 담양군 봉산면 유산리,2022,활용형,단독주택,미동의,도시과,2023-05-15,35.2547695747645,126.962647927187,정확(리 단위),봉산면,2744,중,6/12위,46,0.5,1,1,0,봉산초등학교,"죽화경, 영산강, 오봉저수지, 방축제, 탄금제",봉산초등학교|35.2771643457718|126.957159478005,죽화경|35.25238314609811|126.96374783856889;;영산강|35.288973156409|126.950935555672;;오봉저수지|35.283501048567096|126.98440622419423;;방축제|35.272844660095416|126.96115805429952;;탄금제|35.269462894175355|126.96752205306294,2.7,38.8,49.6,37.4,게스트하우스펜션,"게스트하우스펜션 점수가 가장 높습니다 (관광명소 수 46, 공원 수 0 기준)"
70,전라남도 담양군 봉산면 유산리,2022,활용형,단독주택,미동의,도시과,2023-05-15,35.2547695747645,126.962647927187,정확(리 단위),봉산면,2744,중,6/12위,46,0.5,1,1,0,봉산초등학교,"죽화경, 영산강, 오봉저수지, 방축제, 탄금제",봉산초등학교|35.2771643457718|126.957159478005,죽화경|35.25238314609811|126.96374783856889;;영산강|35.288973156409|126.950935555672;;오봉저수지|35.283501048567096|126.98440622419423;;방축제|35.272844660095416|126.96115805429952;;탄금제|35.269462894175355|126.96752205306294,2.7,38.8,49.6,37.4,게스트하우스펜션,"게스트하우스펜션 점수가 가장 높습니다 (관광명소 수 46, 공원 수 0 기준)"
71,전라남도 담양군 봉산면 양지리,2022,철거형,단독주택,미동의,도시과,2023-05-15,35.2550942909668,126.944463955221,정확(리 단위),봉산면,2744,중,6/12위,46,0.5,1,1,0,봉산초등학교,"죽화경, 영산강, 오봉저수지, 방축제, 탄금제",봉산초등학교|35.2771643457718|126.957159478005,죽화경|35.25238314609811|126.96374783856889;;영산강|35.288973156409|126.950935555672;;오봉저수지|35.283501048567096|126.98440622419423;;방축제|35.272844660095416|126.96115805429952;;탄금제|35.269462894175355|126.96752205306294,2.7,38.8,49.6,37.4,게스트하우스펜션,"게스트하우스펜션 점수가 가장 높습니다 (관광명소 수 46, 공원 수 0 기준)"
72,전라남도 담양군 봉산면 양지리,2022,철거형,단독주택,미동의,도시과,2023-05-15,35.2550942909668,126.944463955221,정확(리 단위),봉산면,2744,중,6/12위,46,0.5,1,1,0,봉산초등학교,"죽화경, 영산강, 오봉저수지, 방축제, 탄금제",봉산초등학교|35.2771643457718|126.957159478005,죽화경|35.25238314609811|126.96374783856889;;영산강|35.288973156409|126.950935555672;;오봉저수지|35.283501048567096|126.98440622419423;;방축제|35.272844660095416|126.96115805429952;;탄금제|35.269462894175355|126.96752205306294,2.7,38.8,49.6,37.4,게스트하우스펜션,"게스트하우스펜션 점수가 가장 높습니다 (관광명소 수 46, 공원 수 0 기준)"
73,전라남도 담양군 봉산면 와우리,2022,활용형,단독주택,미동의,도시과,2023-05-15,35.2514908466106,126.933966237053,정확(리 단위),봉산면,2744,중,6/12위,46,0.5,1,1,0,봉산초등학교,"죽화경, 영산강, 오봉저수지, 방축제, 탄금제",봉산초등학교|35.2771643457718|126.957159478005,죽화경|35.25238314609811|126.96374783856889;;영산강|35.288973156409|126.950935555672;;오봉저수지|35.283501048567096|126.98440622419423;;방축제|35.272844660095416|126.96115805429952;;탄금제|35.269462894175355|126.96752205306294,2.7,38.8,49.6,37.4,게스트하우스펜션,"게스트하우스펜션 점수가 가장 높습니다 (관광명소 수 46, 공원 수 0 기준)"
74,전라남도 담양군 봉산면 와우리,2022,활용형,단독주택,미동의,도시과,2023-05-15,35.2514908466106,126.933966237053,정확(리 단위),봉산면,2744,중,6/12위,46,0.5,1,1,0,봉산초등학교,"죽화경, 영산강, 오봉저수지, 방축제, 탄금제",봉산초등학교|35.2771643457718|126.957159478005,죽화경|35.25238314609811|126.96374783856889;;영산강|35.288973156409|126.950935555672;;오봉저수지|35.283501048567096|126.98440622419423;;방축제|35.272844660095416|126.96115805429952;;탄금제|35.269462894175355|126.96752205306294,2.7,38.8,49.6,37.4,게스트하우스펜션,"게스트하우스펜션 점수가 가장 높습니다 (관광명소 수 46, 공원 수 0 기준)"
75,전라남도 담양군 봉산면 삼지리,2022,활용형,단독주택,미동의,도시과,2023-05-15,35.2666401295399,126.939888596218,정확(리 단위),봉산면,2744,중,6/12위,46,0.5,1,1,0,봉산초등학교,"죽화경, 영산강, 오봉저수지, 방축제, 탄금제",봉산초등학교|35.2771643457718|126.957159478005,죽화경|35.25238314609811|126.96374783856889;;영산강|35.288973156409|126.950935555672;;오봉저수지|35.283501048567096|126.98440622419423;;방축제|35.272844660095416|126.96115805429952;;탄금제|35.269462894175355|126.96752205306294,2.7,38.8,49.6,37.4,게스트하우스펜션,"게스트하우스펜션 점수가 가장 높습니다 (관광명소 수 46, 공원 수 0 기준)"
76,전라남도 담양군 봉산면 삼지리,2022,활용형,단독주택,미동의,도시과,2023-05-15,35.2666401295399,126.939888596218,정확(리 단위),봉산면,2744,중,6/12위,46,0.5,1,1,0,봉산초등학교,"죽화경, 영산강, 오봉저수지, 방축제, 탄금제",봉산초등학교|35.2771643457718|126.957159478005,죽화경|35.25238314609811|126.96374783856889;;영산강|35.288973156409|126.950935555672;;오봉저수지|35.283501048567096|126.98440622419423;;방축제|35.272844660095416|126.96115805429952;;탄금제|35.269462894175355|126.96752205306294,2.7,38.8,49.6,37.4,게스트하우스펜션,"게스트하우스펜션 점수가 가장 높습니다 (관광명소 수 46, 공원 수 0 기준)"
77,전라남도 담양군 봉산면 삼지리,2022,활용형,단독주택,미동의,도시과,2023-05-15,35.2666401295399,126.939888596218,정확(리 단위),봉산면,2744,중,6/12위,46,0.5,1,1,0,봉산초등학교,"죽화경, 영산강, 오봉저수지, 방축제, 탄금제",봉산초등학교|35.2771643457718|126.957159478005,죽화경|35.25238314609811|126.96374783856889;;영산강|35.288973156409|126.950935555672;;오봉저수지|35.283501048567096|126.98440622419423;;방축제|35.272844660095416|126.96115805429952;;탄금제|35.269462894175355|126.96752205306294,2.7,38.8,49.6,37.4,게스트하우스펜션,"게스트하우스펜션 점수가 가장 높습니다 (관광명소 수 46, 공원 수 0 기준)"
78,전라남도 담양군 봉산면 삼지리,2022,활용형,단독주택,미동의,도시과,2023-05-15,35.2666401295399,126.939888596218,정확(리 단위),봉산면,2744,중,6/12위,46,0.5,1,1,0,봉산초등학교,"죽화경, 영산강, 오봉저수지, 방축제, 탄금제",봉산초등학교|35.2771643457718|126.957159478005,죽화경|35.25238314609811|126.96374783856889;;영산강|35.288973156409|126.950935555672;;오봉저수지|35.283501048567096|126.98440622419423;;방축제|35.272844660095416|126.96115805429952;;탄금제|35.269462894175355|126.96752205306294,2.7,38.8,49.6,37.4,게스트하우스펜션,"게스트하우스펜션 점수가 가장 높습니다 (관광명소 수 46, 공원 수 0 기준)"
79,전라남도 담양군 고서면 교산리,2022,활용형,단독주택,미동의,도시과,2023-05-15,35.2181076420574,126.985646701851,정확(리 단위),고서면,3076,중,4/12위,52,0.39,3,1,1,"고서초등학교, 담양고서중학교, 광주동초등학교","보촌제, 교산제, 덕촌제, 금현제, 무등도예촌",고서초등학교|35.2246818641061|126.973584638241;;담양고서중학교|35.2233379836344|126.978281939279;;광주동초등학교|35.2058003578078|126.950568324364,보촌제|35.221568931027726|126.96432832164606;;교산제|35.2195878226868|126.9870897054264;;덕촌제|35.213103222235645|126.99598246537242;;금현제|35.20013535362938|126.97359807863434;;무등도예촌|35.2131616854094|126.948371679994,13.0,43.3,56.6,43.3,게스트하우스펜션,"게스트하우스펜션 점수가 가장 높습니다 (관광명소 수 52, 공원 수 1 기준)"
80,전라남도 담양군 고서면 교산리,2022,활용형,단독주택,미동의,도시과,2023-05-15,35.2181076420574,126.985646701851,정확(리 단위),고서면,3076,중,4/12위,52,0.39,3,1,1,"고서초등학교, 담양고서중학교, 광주동초등학교","보촌제, 교산제, 덕촌제, 금현제, 무등도예촌",고서초등학교|35.2246818641061|126.973584638241;;담양고서중학교|35.2233379836344|126.978281939279;;광주동초등학교|35.2058003578078|126.950568324364,보촌제|35.221568931027726|126.96432832164606;;교산제|35.2195878226868|126.9870897054264;;덕촌제|35.213103222235645|126.99598246537242;;금현제|35.20013535362938|126.97359807863434;;무등도예촌|35.2131616854094|126.948371679994,13.0,43.3,56.6,43.3,게스트하우스펜션,"게스트하우스펜션 점수가 가장 높습니다 (관광명소 수 52, 공원 수 1 기준)"
81,전라남도 담양군 고서면 교산리,2022,활용형,단독주택,미동의,도시과,2023-05-15,35.2181076420574,126.985646701851,정확(리 단위),고서면,3076,중,4/12위,52,0.39,3,1,1,"고서초등학교, 담양고서중학교, 광주동초등학교","보촌제, 교산제, 덕촌제, 금현제, 무등도예촌",고서초등학교|35.2246818641061|126.973584638241;;담양고서중학교|35.2233379836344|126.978281939279;;광주동초등학교|35.2058003578078|126.950568324364,보촌제|35.221568931027726|126.96432832164606;;교산제|35.2195878226868|126.9870897054264;;덕촌제|35.213103222235645|126.99598246537242;;금현제|35.20013535362938|126.97359807863434;;무등도예촌|35.2131616854094|126.948371679994,13.0,43.3,56.6,43.3,게스트하우스펜션,"게스트하우스펜션 점수가 가장 높습니다 (관광명소 수 52, 공원 수 1 기준)"
82,전라남도 담양군 고서면 교산리,2022,활용형,단독주택,미동의,도시과,2023-05-15,35.2181076420574,126.985646701851,정확(리 단위),고서면,3076,중,4/12위,52,0.39,3,1,1,"고서초등학교, 담양고서중학교, 광주동초등학교","보촌제, 교산제, 덕촌제, 금현제, 무등도예촌",고서초등학교|35.2246818641061|126.973584638241;;담양고서중학교|35.2233379836344|126.978281939279;;광주동초등학교|35.2058003578078|126.950568324364,보촌제|35.221568931027726|126.96432832164606;;교산제|35.2195878226868|126.9870897054264;;덕촌제|35.213103222235645|126.99598246537242;;금현제|35.20013535362938|126.97359807863434;;무등도예촌|35.2131616854094|126.948371679994,13.0,43.3,56.6,43.3,게스트하우스펜션,"게스트하우스펜션 점수가 가장 높습니다 (관광명소 수 52, 공원 수 1 기준)"
83,전라남도 담양군 고서면 고읍리,2022,철거형,단독주택,미동의,도시과,2023-05-15,35.2078222456607,126.997737674836,정확(리 단위),고서면,3076,중,4/12위,52,0.39,3,1,1,"고서초등학교, 담양고서중학교, 광주동초등학교","보촌제, 교산제, 덕촌제, 금현제, 무등도예촌",고서초등학교|35.2246818641061|126.973584638241;;담양고서중학교|35.2233379836344|126.978281939279;;광주동초등학교|35.2058003578078|126.950568324364,보촌제|35.221568931027726|126.96432832164606;;교산제|35.2195878226868|126.9870897054264;;덕촌제|35.213103222235645|126.99598246537242;;금현제|35.20013535362938|126.97359807863434;;무등도예촌|35.2131616854094|126.948371679994,13.0,43.3,56.6,43.3,게스트하우스펜션,"게스트하우스펜션 점수가 가장 높습니다 (관광명소 수 52, 공원 수 1 기준)"
84,전라남도 담양군 고서면 고읍리,2022,활용형,단독주택,미동의,도시과,2023-05-15,35.2078222456607,126.997737674836,정확(리 단위),고서면,3076,중,4/12위,52,0.39,3,1,1,"고서초등학교, 담양고서중학교, 광주동초등학교","보촌제, 교산제, 덕촌제, 금현제, 무등도예촌",고서초등학교|35.2246818641061|126.973584638241;;담양고서중학교|35.2233379836344|126.978281939279;;광주동초등학교|35.2058003578078|126.950568324364,보촌제|35.221568931027726|126.96432832164606;;교산제|35.2195878226868|126.9870897054264;;덕촌제|35.213103222235645|126.99598246537242;;금현제|35.20013535362938|126.97359807863434;;무등도예촌|35.2131616854094|126.948371679994,13.0,43.3,56.6,43.3,게스트하우스펜션,"게스트하우스펜션 점수가 가장 높습니다 (관광명소 수 52, 공원 수 1 기준)"
85,전라남도 담양군 고서면 고읍리,2022,활용형,단독주택,미동의,도시과,2023-05-15,35.2078222456607,126.997737674836,정확(리 단위),고서면,3076,중,4/12위,52,0.39,3,1,1,"고서초등학교, 담양고서중학교, 광주동초등학교","보촌제, 교산제, 덕촌제, 금현제, 무등도예촌",고서초등학교|35.2246818641061|126.973584638241;;담양고서중학교|35.2233379836344|126.978281939279;;광주동초등학교|35.2058003578078|126.950568324364,보촌제|35.221568931027726|126.96432832164606;;교산제|35.2195878226868|126.9870897054264;;덕촌제|35.213103222235645|126.99598246537242;;금현제|35.20013535362938|126.97359807863434;;무등도예촌|35.2131616854094|126.948371679994,13.0,43.3,56.6,43.3,게스트하우스펜션,"게스트하우스펜션 점수가 가장 높습니다 (관광명소 수 52, 공원 수 1 기준)"
86,전라남도 담양군 고서면 분향리,2022,활용형,단독주택,미동의,도시과,2023-05-15,35.2017789407803,126.987397805748,정확(리 단위),고서면,3076,중,4/12위,52,0.39,3,1,1,"고서초등학교, 담양고서중학교, 광주동초등학교","보촌제, 교산제, 덕촌제, 금현제, 무등도예촌",고서초등학교|35.2246818641061|126.973584638241;;담양고서중학교|35.2233379836344|126.978281939279;;광주동초등학교|35.2058003578078|126.950568324364,보촌제|35.221568931027726|126.96432832164606;;교산제|35.2195878226868|126.9870897054264;;덕촌제|35.213103222235645|126.99598246537242;;금현제|35.20013535362938|126.97359807863434;;무등도예촌|35.2131616854094|126.948371679994,13.0,43.3,56.6,43.3,게스트하우스펜션,"게스트하우스펜션 점수가 가장 높습니다 (관광명소 수 52, 공원 수 1 기준)"
87,전라남도 담양군 고서면 금현리,2022,활용형,단독주택,미동의,도시과,2023-05-15,35.1972948173009,126.971950788185,정확(리 단위),고서면,3076,중,4/12위,52,0.39,3,1,1,"고서초등학교, 담양고서중학교, 광주동초등학교","보촌제, 교산제, 덕촌제, 금현제, 무등도예촌",고서초등학교|35.2246818641061|126.973584638241;;담양고서중학교|35.2233379836344|126.978281939279;;광주동초등학교|35.2058003578078|126.950568324364,보촌제|35.221568931027726|126.96432832164606;;교산제|35.2195878226868|126.9870897054264;;덕촌제|35.213103222235645|126.99598246537242;;금현제|35.20013535362938|126.97359807863434;;무등도예촌|35.2131616854094|126.948371679994,13.0,43.3,56.6,43.3,게스트하우스펜션,"게스트하우스펜션 점수가 가장 높습니다 (관광명소 수 52, 공원 수 1 기준)"
88,전라남도 담양군 고서면 금현리,2022,활용형,단독주택,미동의,도시과,2023-05-15,35.1972948173009,126.971950788185,정확(리 단위),고서면,3076,중,4/12위,52,0.39,3,1,1,"고서초등학교, 담양고서중학교, 광주동초등학교","보촌제, 교산제, 덕촌제, 금현제, 무등도예촌",고서초등학교|35.2246818641061|126.973584638241;;담양고서중학교|35.2233379836344|126.978281939279;;광주동초등학교|35.2058003578078|126.950568324364,보촌제|35.221568931027726|126.96432832164606;;교산제|35.2195878226868|126.9870897054264;;덕촌제|35.213103222235645|126.99598246537242;;금현제|35.20013535362938|126.97359807863434;;무등도예촌|35.2131616854094|126.948371679994,13.0,43.3,56.6,43.3,게스트하우스펜션,"게스트하우스펜션 점수가 가장 높습니다 (관광명소 수 52, 공원 수 1 기준)"
89,전라남도 담양군 고서면 금현리,2022,활용형,단독주택,미동의,도시과,2023-05-15,35.1972948173009,126.971950788185,정확(리 단위),고서면,3076,중,4/12위,52,0.39,3,1,1,"고서초등학교, 담양고서중학교, 광주동초등학교","보촌제, 교산제, 덕촌제, 금현제, 무등도예촌",고서초등학교|35.2246818641061|126.973584638241;;담양고서중학교|35.2233379836344|126.978281939279;;광주동초등학교|35.2058003578078|126.950568324364,보촌제|35.221568931027726|126.96432832164606;;교산제|35.2195878226868|126.9870897054264;;덕촌제|35.213103222235645|126.99598246537242;;금현제|35.20013535362938|126.97359807863434;;무등도예촌|35.2131616854094|126.948371679994,13.0,43.3,56.6,43.3,게스트하우스펜션,"게스트하우스펜션 점수가 가장 높습니다 (관광명소 수 52, 공원 수 1 기준)"
90,전라남도 담양군 고서면 성월리,2022,활용형,단독주택,미동의,도시과,2023-05-15,35.2155533254876,126.975195536548,정확(리 단위),고서면,3076,중,4/12위,52,0.39,3,1,1,"고서초등학교, 담양고서중학교, 광주동초등학교","보촌제, 교산제, 덕촌제, 금현제, 무등도예촌",고서초등학교|35.2246818641061|126.973584638241;;담양고서중학교|35.2233379836344|126.978281939279;;광주동초등학교|35.2058003578078|126.950568324364,보촌제|35.221568931027726|126.96432832164606;;교산제|35.2195878226868|126.9870897054264;;덕촌제|35.213103222235645|126.99598246537242;;금현제|35.20013535362938|126.97359807863434;;무등도예촌|35.2131616854094|126.948371679994,13.0,43.3,56.6,43.3,게스트하우스펜션,"게스트하우스펜션 점수가 가장 높습니다 (관광명소 수 52, 공원 수 1 기준)"
91,전라남도 담양군 고서면 성월리,2022,활용형,단독주택,미동의,도시과,2023-05-15,35.2155533254876,126.975195536548,정확(리 단위),고서면,3076,중,4/12위,52,0.39,3,1,1,"고서초등학교, 담양고서중학교, 광주동초등학교","보촌제, 교산제, 덕촌제, 금현제, 무등도예촌",고서초등학교|35.2246818641061|126.973584638241;;담양고서중학교|35.2233379836344|126.978281939279;;광주동초등학교|35.2058003578078|126.950568324364,보촌제|35.221568931027726|126.96432832164606;;교산제|35.2195878226868|126.9870897054264;;덕촌제|35.213103222235645|126.99598246537242;;금현제|35.20013535362938|126.97359807863434;;무등도예촌|35.2131616854094|126.948371679994,13.0,43.3,56.6,43.3,게스트하우스펜션,"게스트하우스펜션 점수가 가장 높습니다 (관광명소 수 52, 공원 수 1 기준)"
92,전라남도 담양군 고서면 보촌리,2022,활용형,단독주택,미동의,도시과,2023-05-15,35.2179823851859,126.958451506421,정확(리 단위),고서면,3076,중,4/12위,52,0.39,3,1,1,"고서초등학교, 담양고서중학교, 광주동초등학교","보촌제, 교산제, 덕촌제, 금현제, 무등도예촌",고서초등학교|35.2246818641061|126.973584638241;;담양고서중학교|35.2233379836344|126.978281939279;;광주동초등학교|35.2058003578078|126.950568324364,보촌제|35.221568931027726|126.96432832164606;;교산제|35.2195878226868|126.9870897054264;;덕촌제|35.213103222235645|126.99598246537242;;금현제|35.20013535362938|126.97359807863434;;무등도예촌|35.2131616854094|126.948371679994,13.0,43.3,56.6,43.3,게스트하우스펜션,"게스트하우스펜션 점수가 가장 높습니다 (관광명소 수 52, 공원 수 1 기준)"
93,전라남도 담양군 고서면 보촌리,2022,철거형,단독주택,미동의,도시과,2023-05-15,35.2179823851859,126.958451506421,정확(리 단위),고서면,3076,중,4/12위,52,0.39,3,1,1,"고서초등학교, 담양고서중학교, 광주동초등학교","보촌제, 교산제, 덕촌제, 금현제, 무등도예촌",고서초등학교|35.2246818641061|126.973584638241;;담양고서중학교|35.2233379836344|126.978281939279;;광주동초등학교|35.2058003578078|126.950568324364,보촌제|35.221568931027726|126.96432832164606;;교산제|35.2195878226868|126.9870897054264;;덕촌제|35.213103222235645|126.99598246537242;;금현제|35.20013535362938|126.97359807863434;;무등도예촌|35.2131616854094|126.948371679994,13.0,43.3,56.6,43.3,게스트하우스펜션,"게스트하우스펜션 점수가 가장 높습니다 (관광명소 수 52, 공원 수 1 기준)"
94,전라남도 담양군 고서면 보촌리,2022,활용형,단독주택,미동의,도시과,2023-05-15,35.2179823851859,126.958451506421,정확(리 단위),고서면,3076,중,4/12위,52,0.39,3,1,1,"고서초등학교, 담양고서중학교, 광주동초등학교","보촌제, 교산제, 덕촌제, 금현제, 무등도예촌",고서초등학교|35.2246818641061|126.973584638241;;담양고서중학교|35.2233379836344|126.978281939279;;광주동초등학교|35.2058003578078|126.950568324364,보촌제|35.221568931027726|126.96432832164606;;교산제|35.2195878226868|126.9870897054264;;덕촌제|35.213103222235645|126.99598246537242;;금현제|35.20013535362938|126.97359807863434;;무등도예촌|35.2131616854094|126.948371679994,13.0,43.3,56.6,43.3,게스트하우스펜션,"게스트하우스펜션 점수가 가장 높습니다 (관광명소 수 52, 공원 수 1 기준)"
95,전라남도 담양군 고서면 보촌리,2022,활용형,단독주택,미동의,도시과,2023-05-15,35.2179823851859,126.958451506421,정확(리 단위),고서면,3076,중,4/12위,52,0.39,3,1,1,"고서초등학교, 담양고서중학교, 광주동초등학교","보촌제, 교산제, 덕촌제, 금현제, 무등도예촌",고서초등학교|35.2246818641061|126.973584638241;;담양고서중학교|35.2233379836344|126.978281939279;;광주동초등학교|35.2058003578078|126.950568324364,보촌제|35.221568931027726|126.96432832164606;;교산제|35.2195878226868|126.9870897054264;;덕촌제|35.213103222235645|126.99598246537242;;금현제|35.20013535362938|126.97359807863434;;무등도예촌|35.2131616854094|126.948371679994,13.0,43.3,56.6,43.3,게스트하우스펜션,"게스트하우스펜션 점수가 가장 높습니다 (관광명소 수 52, 공원 수 1 기준)"
96,전라남도 담양군 고서면 보촌리,2022,철거형,단독주택,미동의,도시과,2023-05-15,35.2179823851859,126.958451506421,정확(리 단위),고서면,3076,중,4/12위,52,0.39,3,1,1,"고서초등학교, 담양고서중학교, 광주동초등학교","보촌제, 교산제, 덕촌제, 금현제, 무등도예촌",고서초등학교|35.2246818641061|126.973584638241;;담양고서중학교|35.2233379836344|126.978281939279;;광주동초등학교|35.2058003578078|126.950568324364,보촌제|35.221568931027726|126.96432832164606;;교산제|35.2195878226868|126.9870897054264;;덕촌제|35.213103222235645|126.99598246537242;;금현제|35.20013535362938|126.97359807863434;;무등도예촌|35.2131616854094|126.948371679994,13.0,43.3,56.6,43.3,게스트하우스펜션,"게스트하우스펜션 점수가 가장 높습니다 (관광명소 수 52, 공원 수 1 기준)"
97,전라남도 담양군 고서면 주산리,2022,활용형,단독주택,미동의,도시과,2023-05-15,35.234477458113,126.959554855286,정확(리 단위),고서면,3076,중,4/12위,52,0.39,3,1,1,"고서초등학교, 담양고서중학교, 광주동초등학교","보촌제, 교산제, 덕촌제, 금현제, 무등도예촌",고서초등학교|35.2246818641061|126.973584638241;;담양고서중학교|35.2233379836344|126.978281939279;;광주동초등학교|35.2058003578078|126.950568324364,보촌제|35.221568931027726|126.96432832164606;;교산제|35.2195878226868|126.9870897054264;;덕촌제|35.213103222235645|126.99598246537242;;금현제|35.20013535362938|126.97359807863434;;무등도예촌|35.2131616854094|126.948371679994,13.0,43.3,56.6,43.3,게스트하우스펜션,"게스트하우스펜션 점수가 가장 높습니다 (관광명소 수 52, 공원 수 1 기준)"
98,전라남도 담양군 고서면 원강리,2022,활용형,단독주택,미동의,도시과,2023-05-15,35.2417909937336,126.94572990896,정확(리 단위),고서면,3076,중,4/12위,52,0.39,3,1,1,"고서초등학교, 담양고서중학교, 광주동초등학교","보촌제, 교산제, 덕촌제, 금현제, 무등도예촌",고서초등학교|35.2246818641061|126.973584638241;;담양고서중학교|35.2233379836344|126.978281939279;;광주동초등학교|35.2058003578078|126.950568324364,보촌제|35.221568931027726|126.96432832164606;;교산제|35.2195878226868|126.9870897054264;;덕촌제|35.213103222235645|126.99598246537242;;금현제|35.20013535362938|126.97359807863434;;무등도예촌|35.2131616854094|126.948371679994,13.0,43.3,56.6,43.3,게스트하우스펜션,"게스트하우스펜션 점수가 가장 높습니다 (관광명소 수 52, 공원 수 1 기준)"
99,전라남도 담양군 고서면 원강리,2022,활용형,단독주택,미동의,도시과,2023-05-15,35.2417909937336,126.94572990896,정확(리 단위),고서면,3076,중,4/12위,52,0.39,3,1,1,"고서초등학교, 담양고서중학교, 광주동초등학교","보촌제, 교산제, 덕촌제, 금현제, 무등도예촌",고서초등학교|35.2246818641061|126.973584638241;;담양고서중학교|35.2233379836344|126.978281939279;;광주동초등학교|35.2058003578078|126.950568324364,보촌제|35.221568931027726|126.96432832164606;;교산제|35.2195878226868|126.9870897054264;;덕촌제|35.213103222235645|126.99598246537242;;금현제|35.20013535362938|126.97359807863434;;무등도예촌|35.2131616854094|126.948371679994,13.0,43.3,56.6,43.3,게스트하우스펜션,"게스트하우스펜션 점수가 가장 높습니다 (관광명소 수 52, 공원 수 1 기준)"
100,전라남도 담양군 고서면 원강리,2022,활용형,단독주택,미동의,도시과,2023-05-15,35.2417909937336,126.94572990896,정확(리 단위),고서면,3076,중,4/12위,52,0.39,3,1,1,"고서초등학교, 담양고서중학교, 광주동초등학교","보촌제, 교산제, 덕촌제, 금현제, 무등도예촌",고서초등학교|35.2246818641061|126.973584638241;;담양고서중학교|35.2233379836344|126.978281939279;;광주동초등학교|35.2058003578078|126.950568324364,보촌제|35.221568931027726|126.96432832164606;;교산제|35.2195878226868|126.9870897054264;;덕촌제|35.213103222235645|126.99598246537242;;금현제|35.20013535362938|126.97359807863434;;무등도예촌|35.2131616854094|126.948371679994,13.0,43.3,56.6,43.3,게스트하우스펜션,"게스트하우스펜션 점수가 가장 높습니다 (관광명소 수 52, 공원 수 1 기준)"
101,전라남도 담양군 고서면 동운리,2022,활용형,단독주택,미동의,도시과,2023-05-15,35.2346769599643,126.978292100385,정확(리 단위),고서면,3076,중,4/12위,52,0.39,3,1,1,"고서초등학교, 담양고서중학교, 광주동초등학교","보촌제, 교산제, 덕촌제, 금현제, 무등도예촌",고서초등학교|35.2246818641061|126.973584638241;;담양고서중학교|35.2233379836344|126.978281939279;;광주동초등학교|35.2058003578078|126.950568324364,보촌제|35.221568931027726|126.96432832164606;;교산제|35.2195878226868|126.9870897054264;;덕촌제|35.213103222235645|126.99598246537242;;금현제|35.20013535362938|126.97359807863434;;무등도예촌|35.2131616854094|126.948371679994,13.0,43.3,56.6,43.3,게스트하우스펜션,"게스트하우스펜션 점수가 가장 높습니다 (관광명소 수 52, 공원 수 1 기준)"
102,전라남도 담양군 고서면 동운리,2022,활용형,단독주택,미동의,도시과,2023-05-15,35.2346769599643,126.978292100385,정확(리 단위),고서면,3076,중,4/12위,52,0.39,3,1,1,"고서초등학교, 담양고서중학교, 광주동초등학교","보촌제, 교산제, 덕촌제, 금현제, 무등도예촌",고서초등학교|35.2246818641061|126.973584638241;;담양고서중학교|35.2233379836344|126.978281939279;;광주동초등학교|35.2058003578078|126.950568324364,보촌제|35.221568931027726|126.96432832164606;;교산제|35.2195878226868|126.9870897054264;;덕촌제|35.213103222235645|126.99598246537242;;금현제|35.20013535362938|126.97359807863434;;무등도예촌|35.2131616854094|126.948371679994,13.0,43.3,56.6,43.3,게스트하우스펜션,"게스트하우스펜션 점수가 가장 높습니다 (관광명소 수 52, 공원 수 1 기준)"
103,전라남도 담양군 고서면 동운리,2022,활용형,단독주택,미동의,도시과,2023-05-15,35.2346769599643,126.978292100385,정확(리 단위),고서면,3076,중,4/12위,52,0.39,3,1,1,"고서초등학교, 담양고서중학교, 광주동초등학교","보촌제, 교산제, 덕촌제, 금현제, 무등도예촌",고서초등학교|35.2246818641061|126.973584638241;;담양고서중학교|35.2233379836344|126.978281939279;;광주동초등학교|35.2058003578078|126.950568324364,보촌제|35.221568931027726|126.96432832164606;;교산제|35.2195878226868|126.9870897054264;;덕촌제|35.213103222235645|126.99598246537242;;금현제|35.20013535362938|126.97359807863434;;무등도예촌|35.2131616854094|126.948371679994,13.0,43.3,56.6,43.3,게스트하우스펜션,"게스트하우스펜션 점수가 가장 높습니다 (관광명소 수 52, 공원 수 1 기준)"
104,전라남도 담양군 가사문학면 학선리,2022,철거형,단독주택,미동의,도시과,2023-05-15,35.1893218064153,126.98387745098,정확(리 단위),가사문학면,1195,하,11/12위,33,0.11,1,1,0,가사문학초등학교,"외동저수지, 무등산자락무돌길 독수정길, 정골, 무등산자락무돌길 백남정길, 경상저수지",가사문학초등학교|35.1783053209659|127.026900955402,외동저수지|35.18274254312319|127.0430489172781;;무등산자락무돌길 독수정길|35.16637797008737|127.02941725119324;;정골|35.1403463206074|127.042724825052;;무등산자락무돌길 백남정길|35.14856747878027|127.0405781796661;;경상저수지|35.154063405416466|127.04225129279614,0.0,20.8,43.0,20.8,게스트하우스펜션,"게스트하우스펜션 점수가 가장 높습니다 (관광명소 수 33, 공원 수 1 기준)"
105,전라남도 담양군 가사문학면 지곡리,2022,철거형,단독주택,미동의,도시과,2023-05-15,35.1889583947471,127.009038425021,정확(리 단위),가사문학면,1195,하,11/12위,33,0.11,1,1,0,가사문학초등학교,"외동저수지, 무등산자락무돌길 독수정길, 정골, 무등산자락무돌길 백남정길, 경상저수지",가사문학초등학교|35.1783053209659|127.026900955402,외동저수지|35.18274254312319|127.0430489172781;;무등산자락무돌길 독수정길|35.16637797008737|127.02941725119324;;정골|35.1403463206074|127.042724825052;;무등산자락무돌길 백남정길|35.14856747878027|127.0405781796661;;경상저수지|35.154063405416466|127.04225129279614,0.0,20.8,43.0,20.8,게스트하우스펜션,"게스트하우스펜션 점수가 가장 높습니다 (관광명소 수 33, 공원 수 1 기준)"
106,전라남도 담양군 가사문학면 연천리,2022,활용형,단독주택,미동의,도시과,2023-05-15,35.1806374351576,127.029466301999,정확(리 단위),가사문학면,1195,하,11/12위,33,0.11,1,1,0,가사문학초등학교,"외동저수지, 무등산자락무돌길 독수정길, 정골, 무등산자락무돌길 백남정길, 경상저수지",가사문학초등학교|35.1783053209659|127.026900955402,외동저수지|35.18274254312319|127.0430489172781;;무등산자락무돌길 독수정길|35.16637797008737|127.02941725119324;;정골|35.1403463206074|127.042724825052;;무등산자락무돌길 백남정길|35.14856747878027|127.0405781796661;;경상저수지|35.154063405416466|127.04225129279614,0.0,20.8,43.0,20.8,게스트하우스펜션,"게스트하우스펜션 점수가 가장 높습니다 (관광명소 수 33, 공원 수 1 기준)"
107,전라남도 담양군 가사문학면 연천리,2022,활용형,단독주택,미동의,도시과,2023-05-15,35.1806374351576,127.029466301999,정확(리 단위),가사문학면,1195,하,11/12위,33,0.11,1,1,0,가사문학초등학교,"외동저수지, 무등산자락무돌길 독수정길, 정골, 무등산자락무돌길 백남정길, 경상저수지",가사문학초등학교|35.1783053209659|127.026900955402,외동저수지|35.18274254312319|127.0430489172781;;무등산자락무돌길 독수정길|35.16637797008737|127.02941725119324;;정골|35.1403463206074|127.042724825052;;무등산자락무돌길 백남정길|35.14856747878027|127.0405781796661;;경상저수지|35.154063405416466|127.04225129279614,0.0,20.8,43.0,20.8,게스트하우스펜션,"게스트하우스펜션 점수가 가장 높습니다 (관광명소 수 33, 공원 수 1 기준)"
108,전라남도 담양군 가사문학면 연천리,2022,활용형,단독주택,미동의,도시과,2023-05-15,35.1806374351576,127.029466301999,정확(리 단위),가사문학면,1195,하,11/12위,33,0.11,1,1,0,가사문학초등학교,"외동저수지, 무등산자락무돌길 독수정길, 정골, 무등산자락무돌길 백남정길, 경상저수지",가사문학초등학교|35.1783053209659|127.026900955402,외동저수지|35.18274254312319|127.0430489172781;;무등산자락무돌길 독수정길|35.16637797008737|127.02941725119324;;정골|35.1403463206074|127.042724825052;;무등산자락무돌길 백남정길|35.14856747878027|127.0405781796661;;경상저수지|35.154063405416466|127.04225129279614,0.0,20.8,43.0,20.8,게스트하우스펜션,"게스트하우스펜션 점수가 가장 높습니다 (관광명소 수 33, 공원 수 1 기준)"
109,전라남도 담양군 가사문학면 연천리,2022,활용형,단독주택,미동의,도시과,2023-05-15,35.1806374351576,127.029466301999,정확(리 단위),가사문학면,1195,하,11/12위,33,0.11,1,1,0,가사문학초등학교,"외동저수지, 무등산자락무돌길 독수정길, 정골, 무등산자락무돌길 백남정길, 경상저수지",가사문학초등학교|35.1783053209659|127.026900955402,외동저수지|35.18274254312319|127.0430489172781;;무등산자락무돌길 독수정길|35.16637797008737|127.02941725119324;;정골|35.1403463206074|127.042724825052;;무등산자락무돌길 백남정길|35.14856747878027|127.0405781796661;;경상저수지|35.154063405416466|127.04225129279614,0.0,20.8,43.0,20.8,게스트하우스펜션,"게스트하우스펜션 점수가 가장 높습니다 (관광명소 수 33, 공원 수 1 기준)"
110,전라남도 담양군 가사문학면 정곡리,2022,활용형,단독주택,미동의,도시과,2023-05-15,35.1526462614998,127.022897701358,정확(리 단위),가사문학면,1195,하,11/12위,33,0.11,1,1,0,가사문학초등학교,"외동저수지, 무등산자락무돌길 독수정길, 정골, 무등산자락무돌길 백남정길, 경상저수지",가사문학초등학교|35.1783053209659|127.026900955402,외동저수지|35.18274254312319|127.0430489172781;;무등산자락무돌길 독수정길|35.16637797008737|127.02941725119324;;정골|35.1403463206074|127.042724825052;;무등산자락무돌길 백남정길|35.14856747878027|127.0405781796661;;경상저수지|35.154063405416466|127.04225129279614,0.0,20.8,43.0,20.8,게스트하우스펜션,"게스트하우스펜션 점수가 가장 높습니다 (관광명소 수 33, 공원 수 1 기준)"
111,전라남도 담양군 가사문학면 정곡리,2022,활용형,단독주택,미동의,도시과,2023-05-15,35.1526462614998,127.022897701358,정확(리 단위),가사문학면,1195,하,11/12위,33,0.11,1,1,0,가사문학초등학교,"외동저수지, 무등산자락무돌길 독수정길, 정골, 무등산자락무돌길 백남정길, 경상저수지",가사문학초등학교|35.1783053209659|127.026900955402,외동저수지|35.18274254312319|127.0430489172781;;무등산자락무돌길 독수정길|35.16637797008737|127.02941725119324;;정골|35.1403463206074|127.042724825052;;무등산자락무돌길 백남정길|35.14856747878027|127.0405781796661;;경상저수지|35.154063405416466|127.04225129279614,0.0,20.8,43.0,20.8,게스트하우스펜션,"게스트하우스펜션 점수가 가장 높습니다 (관광명소 수 33, 공원 수 1 기준)"
112,전라남도 담양군 가사문학면 경상리,2022,활용형,단독주택,미동의,도시과,2023-05-15,35.1536285061707,127.043504398435,정확(리 단위),가사문학면,1195,하,11/12위,33,0.11,1,1,0,가사문학초등학교,"외동저수지, 무등산자락무돌길 독수정길, 정골, 무등산자락무돌길 백남정길, 경상저수지",가사문학초등학교|35.1783053209659|127.026900955402,외동저수지|35.18274254312319|127.0430489172781;;무등산자락무돌길 독수정길|35.16637797008737|127.02941725119324;;정골|35.1403463206074|127.042724825052;;무등산자락무돌길 백남정길|35.14856747878027|127.0405781796661;;경상저수지|35.154063405416466|127.04225129279614,0.0,20.8,43.0,20.8,게스트하우스펜션,"게스트하우스펜션 점수가 가장 높습니다 (관광명소 수 33, 공원 수 1 기준)"
113,전라남도 담양군 가사문학면 무동리,2022,철거형,단독주택,미동의,도시과,2023-05-15,35.1386981410942,127.044088988748,정확(리 단위),가사문학면,1195,하,11/12위,33,0.11,1,1,0,가사문학초등학교,"외동저수지, 무등산자락무돌길 독수정길, 정골, 무등산자락무돌길 백남정길, 경상저수지",가사문학초등학교|35.1783053209659|127.026900955402,외동저수지|35.18274254312319|127.0430489172781;;무등산자락무돌길 독수정길|35.16637797008737|127.02941725119324;;정골|35.1403463206074|127.042724825052;;무등산자락무돌길 백남정길|35.14856747878027|127.0405781796661;;경상저수지|35.154063405416466|127.04225129279614,0.0,20.8,43.0,20.8,게스트하우스펜션,"게스트하우스펜션 점수가 가장 높습니다 (관광명소 수 33, 공원 수 1 기준)"
114,전라남도 담양군 가사문학면 무동리,2022,철거형,단독주택,동의,도시과,2023-05-15,35.1386981410942,127.044088988748,정확(리 단위),가사문학면,1195,하,11/12위,33,0.11,1,1,0,가사문학초등학교,"외동저수지, 무등산자락무돌길 독수정길, 정골, 무등산자락무돌길 백남정길, 경상저수지",가사문학초등학교|35.1783053209659|127.026900955402,외동저수지|35.18274254312319|127.0430489172781;;무등산자락무돌길 독수정길|35.16637797008737|127.02941725119324;;정골|35.1403463206074|127.042724825052;;무등산자락무돌길 백남정길|35.14856747878027|127.0405781796661;;경상저수지|35.154063405416466|127.04225129279614,0.0,20.8,43.0,20.8,게스트하우스펜션,"게스트하우스펜션 점수가 가장 높습니다 (관광명소 수 33, 공원 수 1 기준)"
115,전라남도 담양군 가사문학면 구산리,2022,활용형,단독주택,미동의,도시과,2023-05-15,35.1355360204812,127.079668722563,정확(리 단위),가사문학면,1195,하,11/12위,33,0.11,1,1,0,가사문학초등학교,"외동저수지, 무등산자락무돌길 독수정길, 정골, 무등산자락무돌길 백남정길, 경상저수지",가사문학초등학교|35.1783053209659|127.026900955402,외동저수지|35.18274254312319|127.0430489172781;;무등산자락무돌길 독수정길|35.16637797008737|127.02941725119324;;정골|35.1403463206074|127.042724825052;;무등산자락무돌길 백남정길|35.14856747878027|127.0405781796661;;경상저수지|35.154063405416466|127.04225129279614,0.0,20.8,43.0,20.8,게스트하우스펜션,"게스트하우스펜션 점수가 가장 높습니다 (관광명소 수 33, 공원 수 1 기준)"
116,전라남도 담양군 가사문학면 구산리,2022,활용형,단독주택,미동의,도시과,2023-05-15,35.1355360204812,127.079668722563,정확(리 단위),가사문학면,1195,하,11/12위,33,0.11,1,1,0,가사문학초등학교,"외동저수지, 무등산자락무돌길 독수정길, 정골, 무등산자락무돌길 백남정길, 경상저수지",가사문학초등학교|35.1783053209659|127.026900955402,외동저수지|35.18274254312319|127.0430489172781;;무등산자락무돌길 독수정길|35.16637797008737|127.02941725119324;;정골|35.1403463206074|127.042724825052;;무등산자락무돌길 백남정길|35.14856747878027|127.0405781796661;;경상저수지|35.154063405416466|127.04225129279614,0.0,20.8,43.0,20.8,게스트하우스펜션,"게스트하우스펜션 점수가 가장 높습니다 (관광명소 수 33, 공원 수 1 기준)"
117,전라남도 담양군 가사문학면 구산리,2022,철거형,단독주택,미동의,도시과,2023-05-15,35.1355360204812,127.079668722563,정확(리 단위),가사문학면,1195,하,11/12위,33,0.11,1,1,0,가사문학초등학교,"외동저수지, 무등산자락무돌길 독수정길, 정골, 무등산자락무돌길 백남정길, 경상저수지",가사문학초등학교|35.1783053209659|127.026900955402,외동저수지|35.18274254312319|127.0430489172781;;무등산자락무돌길 독수정길|35.16637797008737|127.02941725119324;;정골|35.1403463206074|127.042724825052;;무등산자락무돌길 백남정길|35.14856747878027|127.0405781796661;;경상저수지|35.154063405416466|127.04225129279614,0.0,20.8,43.0,20.8,게스트하우스펜션,"게스트하우스펜션 점수가 가장 높습니다 (관광명소 수 33, 공원 수 1 기준)"
118,전라남도 담양군 가사문학면 가암리,2022,활용형,단독주택,미동의,도시과,2023-05-15,35.1605502160781,127.061789379142,정확(리 단위),가사문학면,1195,하,11/12위,33,0.11,1,1,0,가사문학초등학교,"외동저수지, 무등산자락무돌길 독수정길, 정골, 무등산자락무돌길 백남정길, 경상저수지",가사문학초등학교|35.1783053209659|127.026900955402,외동저수지|35.18274254312319|127.0430489172781;;무등산자락무돌길 독수정길|35.16637797008737|127.02941725119324;;정골|35.1403463206074|127.042724825052;;무등산자락무돌길 백남정길|35.14856747878027|127.0405781796661;;경상저수지|35.154063405416466|127.04225129279614,0.0,20.8,43.0,20.8,게스트하우스펜션,"게스트하우스펜션 점수가 가장 높습니다 (관광명소 수 33, 공원 수 1 기준)"
119,전라남도 담양군 가사문학면 가암리,2022,활용형,단독주택,동의,도시과,2023-05-15,35.1605502160781,127.061789379142,정확(리 단위),가사문학면,1195,하,11/12위,33,0.11,1,1,0,가사문학초등학교,"외동저수지, 무등산자락무돌길 독수정길, 정골, 무등산자락무돌길 백남정길, 경상저수지",가사문학초등학교|35.1783053209659|127.026900955402,외동저수지|35.18274254312319|127.0430489172781;;무등산자락무돌길 독수정길|35.16637797008737|127.02941725119324;;정골|35.1403463206074|127.042724825052;;무등산자락무돌길 백남정길|35.14856747878027|127.0405781796661;;경상저수지|35.154063405416466|127.04225129279614,0.0,20.8,43.0,20.8,게스트하우스펜션,"게스트하우스펜션 점수가 가장 높습니다 (관광명소 수 33, 공원 수 1 기준)"
120,전라남도 담양군 가사문학면 가암리,2022,활용형,단독주택,미동의,도시과,2023-05-15,35.1605502160781,127.061789379142,정확(리 단위),가사문학면,1195,하,11/12위,33,0.11,1,1,0,가사문학초등학교,"외동저수지, 무등산자락무돌길 독수정길, 정골, 무등산자락무돌길 백남정길, 경상저수지",가사문학초등학교|35.1783053209659|127.026900955402,외동저수지|35.18274254312319|127.0430489172781;;무등산자락무돌길 독수정길|35.16637797008737|127.02941725119324;;정골|35.1403463206074|127.042724825052;;무등산자락무돌길 백남정길|35.14856747878027|127.0405781796661;;경상저수지|35.154063405416466|127.04225129279614,0.0,20.8,43.0,20.8,게스트하우스펜션,"게스트하우스펜션 점수가 가장 높습니다 (관광명소 수 33, 공원 수 1 기준)"
121,전라남도 담양군 가사문학면 풍암리,2022,활용형,단독주택,미동의,도시과,2023-05-15,35.1792121998184,127.053661983989,정확(리 단위),가사문학면,1195,하,11/12위,33,0.11,1,1,0,가사문학초등학교,"외동저수지, 무등산자락무돌길 독수정길, 정골, 무등산자락무돌길 백남정길, 경상저수지",가사문학초등학교|35.1783053209659|127.026900955402,외동저수지|35.18274254312319|127.0430489172781;;무등산자락무돌길 독수정길|35.16637797008737|127.02941725119324;;정골|35.1403463206074|127.042724825052;;무등산자락무돌길 백남정길|35.14856747878027|127.0405781796661;;경상저수지|35.154063405416466|127.04225129279614,0.0,20.8,43.0,20.8,게스트하우스펜션,"게스트하우스펜션 점수가 가장 높습니다 (관광명소 수 33, 공원 수 1 기준)"
122,전라남도 담양군 가사문학면 풍암리,2022,철거형,단독주택,미동의,도시과,2023-05-15,35.1792121998184,127.053661983989,정확(리 단위),가사문학면,1195,하,11/12위,33,0.11,1,1,0,가사문학초등학교,"외동저수지, 무등산자락무돌길 독수정길, 정골, 무등산자락무돌길 백남정길, 경상저수지",가사문학초등학교|35.1783053209659|127.026900955402,외동저수지|35.18274254312319|127.0430489172781;;무등산자락무돌길 독수정길|35.16637797008737|127.02941725119324;;정골|35.1403463206074|127.042724825052;;무등산자락무돌길 백남정길|35.14856747878027|127.0405781796661;;경상저수지|35.154063405416466|127.04225129279614,0.0,20.8,43.0,20.8,게스트하우스펜션,"게스트하우스펜션 점수가 가장 높습니다 (관광명소 수 33, 공원 수 1 기준)"
123,전라남도 담양군 가사문학면 풍암리,2022,활용형,단독주택,미동의,도시과,2023-05-15,35.1792121998184,127.053661983989,정확(리 단위),가사문학면,1195,하,11/12위,33,0.11,1,1,0,가사문학초등학교,"외동저수지, 무등산자락무돌길 독수정길, 정골, 무등산자락무돌길 백남정길, 경상저수지",가사문학초등학교|35.1783053209659|127.026900955402,외동저수지|35.18274254312319|127.0430489172781;;무등산자락무돌길 독수정길|35.16637797008737|127.02941725119324;;정골|35.1403463206074|127.042724825052;;무등산자락무돌길 백남정길|35.14856747878027|127.0405781796661;;경상저수지|35.154063405416466|127.04225129279614,0.0,20.8,43.0,20.8,게스트하우스펜션,"게스트하우스펜션 점수가 가장 높습니다 (관광명소 수 33, 공원 수 1 기준)"
124,전라남도 담양군 창평면 창평리,2022,철거형,단독주택,미동의,도시과,2023-05-15,35.2370182061332,127.012058337755,정확(리 단위),창평면,3686,중,8/12위,36,0.67,4,1,2,"창평고등학교, 창평중학교, 창평초등학교, 담양고서중학교","창평국밥거리, 월동제, 교산제, 유천제, 용운제",창평고등학교|35.2376240133674|127.010994965527;;창평중학교|35.2408793949529|127.013794794516;;창평초등학교|35.2407453290116|127.018751924552;;담양고서중학교|35.2233379836344|126.978281939279,창평국밥거리|35.2381932715594|127.014704001457;;월동제|35.23314255177396|127.03768051234397;;교산제|35.2195878226868|126.9870897054264;;유천제|35.21333550359004|127.02274669107864;;용운제|35.22455609152254|127.03537860324023,19.4,31.2,47.9,29.5,게스트하우스펜션,"게스트하우스펜션 점수가 가장 높습니다 (관광명소 수 36, 공원 수 3 기준)"
125,전라남도 담양군 창평면 삼천리,2022,활용형,단독주택,미동의,도시과,2023-05-15,35.2397996206605,127.024838211093,정확(리 단위),창평면,3686,중,8/12위,36,0.67,4,1,2,"창평고등학교, 창평중학교, 창평초등학교, 담양고서중학교","창평국밥거리, 월동제, 교산제, 유천제, 용운제",창평고등학교|35.2376240133674|127.010994965527;;창평중학교|35.2408793949529|127.013794794516;;창평초등학교|35.2407453290116|127.018751924552;;담양고서중학교|35.2233379836344|126.978281939279,창평국밥거리|35.2381932715594|127.014704001457;;월동제|35.23314255177396|127.03768051234397;;교산제|35.2195878226868|126.9870897054264;;유천제|35.21333550359004|127.02274669107864;;용운제|35.22455609152254|127.03537860324023,19.4,31.2,47.9,29.5,게스트하우스펜션,"게스트하우스펜션 점수가 가장 높습니다 (관광명소 수 36, 공원 수 3 기준)"
126,전라남도 담양군 창평면 삼천리,2022,활용형,단독주택,미동의,도시과,2023-05-15,35.2397996206605,127.024838211093,정확(리 단위),창평면,3686,중,8/12위,36,0.67,4,1,2,"창평고등학교, 창평중학교, 창평초등학교, 담양고서중학교","창평국밥거리, 월동제, 교산제, 유천제, 용운제",창평고등학교|35.2376240133674|127.010994965527;;창평중학교|35.2408793949529|127.013794794516;;창평초등학교|35.2407453290116|127.018751924552;;담양고서중학교|35.2233379836344|126.978281939279,창평국밥거리|35.2381932715594|127.014704001457;;월동제|35.23314255177396|127.03768051234397;;교산제|35.2195878226868|126.9870897054264;;유천제|35.21333550359004|127.02274669107864;;용운제|35.22455609152254|127.03537860324023,19.4,31.2,47.9,29.5,게스트하우스펜션,"게스트하우스펜션 점수가 가장 높습니다 (관광명소 수 36, 공원 수 3 기준)"
127,전라남도 담양군 창평면 용수리,2022,철거형,단독주택,미동의,도시과,2023-05-15,35.2290135084429,127.034536888919,정확(리 단위),창평면,3686,중,8/12위,36,0.67,4,1,2,"창평고등학교, 창평중학교, 창평초등학교, 담양고서중학교","창평국밥거리, 월동제, 교산제, 유천제, 용운제",창평고등학교|35.2376240133674|127.010994965527;;창평중학교|35.2408793949529|127.013794794516;;창평초등학교|35.2407453290116|127.018751924552;;담양고서중학교|35.2233379836344|126.978281939279,창평국밥거리|35.2381932715594|127.014704001457;;월동제|35.23314255177396|127.03768051234397;;교산제|35.2195878226868|126.9870897054264;;유천제|35.21333550359004|127.02274669107864;;용운제|35.22455609152254|127.03537860324023,19.4,31.2,47.9,29.5,게스트하우스펜션,"게스트하우스펜션 점수가 가장 높습니다 (관광명소 수 36, 공원 수 3 기준)"
128,전라남도 담양군 창평면 유천리,2022,활용형,단독주택,미동의,도시과,2023-05-15,35.2184776388612,127.023135846536,정확(리 단위),창평면,3686,중,8/12위,36,0.67,4,1,2,"창평고등학교, 창평중학교, 창평초등학교, 담양고서중학교","창평국밥거리, 월동제, 교산제, 유천제, 용운제",창평고등학교|35.2376240133674|127.010994965527;;창평중학교|35.2408793949529|127.013794794516;;창평초등학교|35.2407453290116|127.018751924552;;담양고서중학교|35.2233379836344|126.978281939279,창평국밥거리|35.2381932715594|127.014704001457;;월동제|35.23314255177396|127.03768051234397;;교산제|35.2195878226868|126.9870897054264;;유천제|35.21333550359004|127.02274669107864;;용운제|35.22455609152254|127.03537860324023,19.4,31.2,47.9,29.5,게스트하우스펜션,"게스트하우스펜션 점수가 가장 높습니다 (관광명소 수 36, 공원 수 3 기준)"
129,전라남도 담양군 창평면 오강리,2022,활용형,단독주택,미동의,도시과,2023-05-15,35.2173438729177,127.008149714943,정확(리 단위),창평면,3686,중,8/12위,36,0.67,4,1,2,"창평고등학교, 창평중학교, 창평초등학교, 담양고서중학교","창평국밥거리, 월동제, 교산제, 유천제, 용운제",창평고등학교|35.2376240133674|127.010994965527;;창평중학교|35.2408793949529|127.013794794516;;창평초등학교|35.2407453290116|127.018751924552;;담양고서중학교|35.2233379836344|126.978281939279,창평국밥거리|35.2381932715594|127.014704001457;;월동제|35.23314255177396|127.03768051234397;;교산제|35.2195878226868|126.9870897054264;;유천제|35.21333550359004|127.02274669107864;;용운제|35.22455609152254|127.03537860324023,19.4,31.2,47.9,29.5,게스트하우스펜션,"게스트하우스펜션 점수가 가장 높습니다 (관광명소 수 36, 공원 수 3 기준)"
130,전라남도 담양군 창평면 오강리,2022,철거형,단독주택,미동의,도시과,2023-05-15,35.2173438729177,127.008149714943,정확(리 단위),창평면,3686,중,8/12위,36,0.67,4,1,2,"창평고등학교, 창평중학교, 창평초등학교, 담양고서중학교","창평국밥거리, 월동제, 교산제, 유천제, 용운제",창평고등학교|35.2376240133674|127.010994965527;;창평중학교|35.2408793949529|127.013794794516;;창평초등학교|35.2407453290116|127.018751924552;;담양고서중학교|35.2233379836344|126.978281939279,창평국밥거리|35.2381932715594|127.014704001457;;월동제|35.23314255177396|127.03768051234397;;교산제|35.2195878226868|126.9870897054264;;유천제|35.21333550359004|127.02274669107864;;용운제|35.22455609152254|127.03537860324023,19.4,31.2,47.9,29.5,게스트하우스펜션,"게스트하우스펜션 점수가 가장 높습니다 (관광명소 수 36, 공원 수 3 기준)"
131,전라남도 담양군 창평면 오강리,2022,활용형,단독주택,미동의,도시과,2023-05-15,35.2173438729177,127.008149714943,정확(리 단위),창평면,3686,중,8/12위,36,0.67,4,1,2,"창평고등학교, 창평중학교, 창평초등학교, 담양고서중학교","창평국밥거리, 월동제, 교산제, 유천제, 용운제",창평고등학교|35.2376240133674|127.010994965527;;창평중학교|35.2408793949529|127.013794794516;;창평초등학교|35.2407453290116|127.018751924552;;담양고서중학교|35.2233379836344|126.978281939279,창평국밥거리|35.2381932715594|127.014704001457;;월동제|35.23314255177396|127.03768051234397;;교산제|35.2195878226868|126.9870897054264;;유천제|35.21333550359004|127.02274669107864;;용운제|35.22455609152254|127.03537860324023,19.4,31.2,47.9,29.5,게스트하우스펜션,"게스트하우스펜션 점수가 가장 높습니다 (관광명소 수 36, 공원 수 3 기준)"
132,전라남도 담양군 창평면 오강리,2022,활용형,단독주택,미동의,도시과,2023-05-15,35.2173438729177,127.008149714943,정확(리 단위),창평면,3686,중,8/12위,36,0.67,4,1,2,"창평고등학교, 창평중학교, 창평초등학교, 담양고서중학교","창평국밥거리, 월동제, 교산제, 유천제, 용운제",창평고등학교|35.2376240133674|127.010994965527;;창평중학교|35.2408793949529|127.013794794516;;창평초등학교|35.2407453290116|127.018751924552;;담양고서중학교|35.2233379836344|126.978281939279,창평국밥거리|35.2381932715594|127.014704001457;;월동제|35.23314255177396|127.03768051234397;;교산제|35.2195878226868|126.9870897054264;;유천제|35.21333550359004|127.02274669107864;;용운제|35.22455609152254|127.03537860324023,19.4,31.2,47.9,29.5,게스트하우스펜션,"게스트하우스펜션 점수가 가장 높습니다 (관광명소 수 36, 공원 수 3 기준)"
133,전라남도 담양군 창평면 오강리,2022,활용형,단독주택,동의,도시과,2023-05-15,35.2173438729177,127.008149714943,정확(리 단위),창평면,3686,중,8/12위,36,0.67,4,1,2,"창평고등학교, 창평중학교, 창평초등학교, 담양고서중학교","창평국밥거리, 월동제, 교산제, 유천제, 용운제",창평고등학교|35.2376240133674|127.010994965527;;창평중학교|35.2408793949529|127.013794794516;;창평초등학교|35.2407453290116|127.018751924552;;담양고서중학교|35.2233379836344|126.978281939279,창평국밥거리|35.2381932715594|127.014704001457;;월동제|35.23314255177396|127.03768051234397;;교산제|35.2195878226868|126.9870897054264;;유천제|35.21333550359004|127.02274669107864;;용운제|35.22455609152254|127.03537860324023,19.4,31.2,47.9,29.5,게스트하우스펜션,"게스트하우스펜션 점수가 가장 높습니다 (관광명소 수 36, 공원 수 3 기준)"
134,전라남도 담양군 창평면 유곡리,2022,활용형,단독주택,미동의,도시과,2023-05-15,35.250217573419,126.988344061911,정확(리 단위),창평면,3686,중,8/12위,36,0.67,4,1,2,"창평고등학교, 창평중학교, 창평초등학교, 담양고서중학교","창평국밥거리, 월동제, 교산제, 유천제, 용운제",창평고등학교|35.2376240133674|127.010994965527;;창평중학교|35.2408793949529|127.013794794516;;창평초등학교|35.2407453290116|127.018751924552;;담양고서중학교|35.2233379836344|126.978281939279,창평국밥거리|35.2381932715594|127.014704001457;;월동제|35.23314255177396|127.03768051234397;;교산제|35.2195878226868|126.9870897054264;;유천제|35.21333550359004|127.02274669107864;;용운제|35.22455609152254|127.03537860324023,19.4,31.2,47.9,29.5,게스트하우스펜션,"게스트하우스펜션 점수가 가장 높습니다 (관광명소 수 36, 공원 수 3 기준)"
135,전라남도 담양군 창평면 유곡리,2022,활용형,단독주택,미동의,도시과,2023-05-15,35.250217573419,126.988344061911,정확(리 단위),창평면,3686,중,8/12위,36,0.67,4,1,2,"창평고등학교, 창평중학교, 창평초등학교, 담양고서중학교","창평국밥거리, 월동제, 교산제, 유천제, 용운제",창평고등학교|35.2376240133674|127.010994965527;;창평중학교|35.2408793949529|127.013794794516;;창평초등학교|35.2407453290116|127.018751924552;;담양고서중학교|35.2233379836344|126.978281939279,창평국밥거리|35.2381932715594|127.014704001457;;월동제|35.23314255177396|127.03768051234397;;교산제|35.2195878226868|126.9870897054264;;유천제|35.21333550359004|127.02274669107864;;용운제|35.22455609152254|127.03537860324023,19.4,31.2,47.9,29.5,게스트하우스펜션,"게스트하우스펜션 점수가 가장 높습니다 (관광명소 수 36, 공원 수 3 기준)"
136,전라남도 담양군 창평면 유곡리,2022,활용형,단독주택,미동의,도시과,2023-05-15,35.250217573419,126.988344061911,정확(리 단위),창평면,3686,중,8/12위,36,0.67,4,1,2,"창평고등학교, 창평중학교, 창평초등학교, 담양고서중학교","창평국밥거리, 월동제, 교산제, 유천제, 용운제",창평고등학교|35.2376240133674|127.010994965527;;창평중학교|35.2408793949529|127.013794794516;;창평초등학교|35.2407453290116|127.018751924552;;담양고서중학교|35.2233379836344|126.978281939279,창평국밥거리|35.2381932715594|127.014704001457;;월동제|35.23314255177396|127.03768051234397;;교산제|35.2195878226868|126.9870897054264;;유천제|35.21333550359004|127.02274669107864;;용운제|35.22455609152254|127.03537860324023,19.4,31.2,47.9,29.5,게스트하우스펜션,"게스트하우스펜션 점수가 가장 높습니다 (관광명소 수 36, 공원 수 3 기준)"
137,전라남도 담양군 창평면 해곡리,2022,활용형,단독주택,미동의,도시과,2023-05-15,35.2486400715294,126.975352475831,정확(리 단위),창평면,3686,중,8/12위,36,0.67,4,1,2,"창평고등학교, 창평중학교, 창평초등학교, 담양고서중학교","창평국밥거리, 월동제, 교산제, 유천제, 용운제",창평고등학교|35.2376240133674|127.010994965527;;창평중학교|35.2408793949529|127.013794794516;;창평초등학교|35.2407453290116|127.018751924552;;담양고서중학교|35.2233379836344|126.978281939279,창평국밥거리|35.2381932715594|127.014704001457;;월동제|35.23314255177396|127.03768051234397;;교산제|35.2195878226868|126.9870897054264;;유천제|35.21333550359004|127.02274669107864;;용운제|35.22455609152254|127.03537860324023,19.4,31.2,47.9,29.5,게스트하우스펜션,"게스트하우스펜션 점수가 가장 높습니다 (관광명소 수 36, 공원 수 3 기준)"
138,전라남도 담양군 창평면 광덕리,2022,활용형,단독주택,미동의,도시과,2023-05-15,35.2712085761289,126.995823530569,정확(리 단위),창평면,3686,중,8/12위,36,0.67,4,1,2,"창평고등학교, 창평중학교, 창평초등학교, 담양고서중학교","창평국밥거리, 월동제, 교산제, 유천제, 용운제",창평고등학교|35.2376240133674|127.010994965527;;창평중학교|35.2408793949529|127.013794794516;;창평초등학교|35.2407453290116|127.018751924552;;담양고서중학교|35.2233379836344|126.978281939279,창평국밥거리|35.2381932715594|127.014704001457;;월동제|35.23314255177396|127.03768051234397;;교산제|35.2195878226868|126.9870897054264;;유천제|35.21333550359004|127.02274669107864;;용운제|35.22455609152254|127.03537860324023,19.4,31.2,47.9,29.5,게스트하우스펜션,"게스트하우스펜션 점수가 가장 높습니다 (관광명소 수 36, 공원 수 3 기준)"
139,전라남도 담양군 창평면 광덕리,2022,활용형,단독주택,미동의,도시과,2023-05-15,35.2712085761289,126.995823530569,정확(리 단위),창평면,3686,중,8/12위,36,0.67,4,1,2,"창평고등학교, 창평중학교, 창평초등학교, 담양고서중학교","창평국밥거리, 월동제, 교산제, 유천제, 용운제",창평고등학교|35.2376240133674|127.010994965527;;창평중학교|35.2408793949529|127.013794794516;;창평초등학교|35.2407453290116|127.018751924552;;담양고서중학교|35.2233379836344|126.978281939279,창평국밥거리|35.2381932715594|127.014704001457;;월동제|35.23314255177396|127.03768051234397;;교산제|35.2195878226868|126.9870897054264;;유천제|35.21333550359004|127.02274669107864;;용운제|35.22455609152254|127.03537860324023,19.4,31.2,47.9,29.5,게스트하우스펜션,"게스트하우스펜션 점수가 가장 높습니다 (관광명소 수 36, 공원 수 3 기준)"
140,전라남도 담양군 창평면 외동리,2022,활용형,단독주택,미동의,도시과,2023-05-15,35.1986861568321,127.029525527198,정확(리 단위),창평면,3686,중,8/12위,36,0.67,4,1,2,"창평고등학교, 창평중학교, 창평초등학교, 담양고서중학교","창평국밥거리, 월동제, 교산제, 유천제, 용운제",창평고등학교|35.2376240133674|127.010994965527;;창평중학교|35.2408793949529|127.013794794516;;창평초등학교|35.2407453290116|127.018751924552;;담양고서중학교|35.2233379836344|126.978281939279,창평국밥거리|35.2381932715594|127.014704001457;;월동제|35.23314255177396|127.03768051234397;;교산제|35.2195878226868|126.9870897054264;;유천제|35.21333550359004|127.02274669107864;;용운제|35.22455609152254|127.03537860324023,19.4,31.2,47.9,29.5,게스트하우스펜션,"게스트하우스펜션 점수가 가장 높습니다 (관광명소 수 36, 공원 수 3 기준)"
141,전라남도 담양군 창평면 외동리,2022,활용형,단독주택,미동의,도시과,2023-05-15,35.1986861568321,127.029525527198,정확(리 단위),창평면,3686,중,8/12위,36,0.67,4,1,2,"창평고등학교, 창평중학교, 창평초등학교, 담양고서중학교","창평국밥거리, 월동제, 교산제, 유천제, 용운제",창평고등학교|35.2376240133674|127.010994965527;;창평중학교|35.2408793949529|127.013794794516;;창평초등학교|35.2407453290116|127.018751924552;;담양고서중학교|35.2233379836344|126.978281939279,창평국밥거리|35.2381932715594|127.014704001457;;월동제|35.23314255177396|127.03768051234397;;교산제|35.2195878226868|126.9870897054264;;유천제|35.21333550359004|127.02274669107864;;용운제|35.22455609152254|127.03537860324023,19.4,31.2,47.9,29.5,게스트하우스펜션,"게스트하우스펜션 점수가 가장 높습니다 (관광명소 수 36, 공원 수 3 기준)"
142,전라남도 담양군 대덕면 매산리,2022,활용형,단독주택,미동의,도시과,2023-05-15,35.2508952980381,127.032089257512,정확(리 단위),대덕면,1870,중,7/12위,44,0.39,2,1,0,"만덕초등학교, 창평초등학교","운암저수지, 월동제, 만덕산, 용운제, 월봉산",만덕초등학교|35.2493439710139|127.035701420655;;창평초등학교|35.2407453290116|127.018751924552,운암저수지|35.24466329996896|127.04129950662733;;월동제|35.23314255177396|127.03768051234397;;만덕산|35.23406379572136|127.0598830283704;;용운제|35.22455609152254|127.03537860324023;;월봉산|35.22544406390878|127.04571653339117,5.5,35.4,50.5,33.7,게스트하우스펜션,"게스트하우스펜션 점수가 가장 높습니다 (관광명소 수 44, 공원 수 1 기준)"
143,전라남도 담양군 대덕면 매산리,2022,활용형,단독주택,미동의,도시과,2023-05-15,35.2508952980381,127.032089257512,정확(리 단위),대덕면,1870,중,7/12위,44,0.39,2,1,0,"만덕초등학교, 창평초등학교","운암저수지, 월동제, 만덕산, 용운제, 월봉산",만덕초등학교|35.2493439710139|127.035701420655;;창평초등학교|35.2407453290116|127.018751924552,운암저수지|35.24466329996896|127.04129950662733;;월동제|35.23314255177396|127.03768051234397;;만덕산|35.23406379572136|127.0598830283704;;용운제|35.22455609152254|127.03537860324023;;월봉산|35.22544406390878|127.04571653339117,5.5,35.4,50.5,33.7,게스트하우스펜션,"게스트하우스펜션 점수가 가장 높습니다 (관광명소 수 44, 공원 수 1 기준)"
144,전라남도 담양군 대덕면 매산리,2022,활용형,단독주택,미동의,도시과,2023-05-15,35.2508952980381,127.032089257512,정확(리 단위),대덕면,1870,중,7/12위,44,0.39,2,1,0,"만덕초등학교, 창평초등학교","운암저수지, 월동제, 만덕산, 용운제, 월봉산",만덕초등학교|35.2493439710139|127.035701420655;;창평초등학교|35.2407453290116|127.018751924552,운암저수지|35.24466329996896|127.04129950662733;;월동제|35.23314255177396|127.03768051234397;;만덕산|35.23406379572136|127.0598830283704;;용운제|35.22455609152254|127.03537860324023;;월봉산|35.22544406390878|127.04571653339117,5.5,35.4,50.5,33.7,게스트하우스펜션,"게스트하우스펜션 점수가 가장 높습니다 (관광명소 수 44, 공원 수 1 기준)"
145,전라남도 담양군 대덕면 매산리,2022,활용형,단독주택,미동의,도시과,2023-05-15,35.2508952980381,127.032089257512,정확(리 단위),대덕면,1870,중,7/12위,44,0.39,2,1,0,"만덕초등학교, 창평초등학교","운암저수지, 월동제, 만덕산, 용운제, 월봉산",만덕초등학교|35.2493439710139|127.035701420655;;창평초등학교|35.2407453290116|127.018751924552,운암저수지|35.24466329996896|127.04129950662733;;월동제|35.23314255177396|127.03768051234397;;만덕산|35.23406379572136|127.0598830283704;;용운제|35.22455609152254|127.03537860324023;;월봉산|35.22544406390878|127.04571653339117,5.5,35.4,50.5,33.7,게스트하우스펜션,"게스트하우스펜션 점수가 가장 높습니다 (관광명소 수 44, 공원 수 1 기준)"
146,전라남도 담양군 대덕면 장산리,2022,활용형,단독주택,미동의,도시과,2023-05-15,35.2605127272089,127.023987366863,정확(리 단위),대덕면,1870,중,7/12위,44,0.39,2,1,0,"만덕초등학교, 창평초등학교","운암저수지, 월동제, 만덕산, 용운제, 월봉산",만덕초등학교|35.2493439710139|127.035701420655;;창평초등학교|35.2407453290116|127.018751924552,운암저수지|35.24466329996896|127.04129950662733;;월동제|35.23314255177396|127.03768051234397;;만덕산|35.23406379572136|127.0598830283704;;용운제|35.22455609152254|127.03537860324023;;월봉산|35.22544406390878|127.04571653339117,5.5,35.4,50.5,33.7,게스트하우스펜션,"게스트하우스펜션 점수가 가장 높습니다 (관광명소 수 44, 공원 수 1 기준)"
147,전라남도 담양군 대덕면 장산리,2022,활용형,단독주택,미동의,도시과,2023-05-15,35.2605127272089,127.023987366863,정확(리 단위),대덕면,1870,중,7/12위,44,0.39,2,1,0,"만덕초등학교, 창평초등학교","운암저수지, 월동제, 만덕산, 용운제, 월봉산",만덕초등학교|35.2493439710139|127.035701420655;;창평초등학교|35.2407453290116|127.018751924552,운암저수지|35.24466329996896|127.04129950662733;;월동제|35.23314255177396|127.03768051234397;;만덕산|35.23406379572136|127.0598830283704;;용운제|35.22455609152254|127.03537860324023;;월봉산|35.22544406390878|127.04571653339117,5.5,35.4,50.5,33.7,게스트하우스펜션,"게스트하우스펜션 점수가 가장 높습니다 (관광명소 수 44, 공원 수 1 기준)"
148,전라남도 담양군 대덕면 장산리,2022,활용형,단독주택,미동의,도시과,2023-05-15,35.2605127272089,127.023987366863,정확(리 단위),대덕면,1870,중,7/12위,44,0.39,2,1,0,"만덕초등학교, 창평초등학교","운암저수지, 월동제, 만덕산, 용운제, 월봉산",만덕초등학교|35.2493439710139|127.035701420655;;창평초등학교|35.2407453290116|127.018751924552,운암저수지|35.24466329996896|127.04129950662733;;월동제|35.23314255177396|127.03768051234397;;만덕산|35.23406379572136|127.0598830283704;;용운제|35.22455609152254|127.03537860324023;;월봉산|35.22544406390878|127.04571653339117,5.5,35.4,50.5,33.7,게스트하우스펜션,"게스트하우스펜션 점수가 가장 높습니다 (관광명소 수 44, 공원 수 1 기준)"
149,전라남도 담양군 대덕면 장산리,2022,활용형,단독주택,미동의,도시과,2023-05-15,35.2605127272089,127.023987366863,정확(리 단위),대덕면,1870,중,7/12위,44,0.39,2,1,0,"만덕초등학교, 창평초등학교","운암저수지, 월동제, 만덕산, 용운제, 월봉산",만덕초등학교|35.2493439710139|127.035701420655;;창평초등학교|35.2407453290116|127.018751924552,운암저수지|35.24466329996896|127.04129950662733;;월동제|35.23314255177396|127.03768051234397;;만덕산|35.23406379572136|127.0598830283704;;용운제|35.22455609152254|127.03537860324023;;월봉산|35.22544406390878|127.04571653339117,5.5,35.4,50.5,33.7,게스트하우스펜션,"게스트하우스펜션 점수가 가장 높습니다 (관광명소 수 44, 공원 수 1 기준)"
150,전라남도 담양군 대덕면 장산리,2022,철거형,단독주택,미동의,도시과,2023-05-15,35.2605127272089,127.023987366863,정확(리 단위),대덕면,1870,중,7/12위,44,0.39,2,1,0,"만덕초등학교, 창평초등학교","운암저수지, 월동제, 만덕산, 용운제, 월봉산",만덕초등학교|35.2493439710139|127.035701420655;;창평초등학교|35.2407453290116|127.018751924552,운암저수지|35.24466329996896|127.04129950662733;;월동제|35.23314255177396|127.03768051234397;;만덕산|35.23406379572136|127.0598830283704;;용운제|35.22455609152254|127.03537860324023;;월봉산|35.22544406390878|127.04571653339117,5.5,35.4,50.5,33.7,게스트하우스펜션,"게스트하우스펜션 점수가 가장 높습니다 (관광명소 수 44, 공원 수 1 기준)"
151,전라남도 담양군 대덕면 비차리,2022,활용형,단독주택,미동의,도시과,2023-05-15,35.257053878513,127.003868056846,정확(리 단위),대덕면,1870,중,7/12위,44,0.39,2,1,0,"만덕초등학교, 창평초등학교","운암저수지, 월동제, 만덕산, 용운제, 월봉산",만덕초등학교|35.2493439710139|127.035701420655;;창평초등학교|35.2407453290116|127.018751924552,운암저수지|35.24466329996896|127.04129950662733;;월동제|35.23314255177396|127.03768051234397;;만덕산|35.23406379572136|127.0598830283704;;용운제|35.22455609152254|127.03537860324023;;월봉산|35.22544406390878|127.04571653339117,5.5,35.4,50.5,33.7,게스트하우스펜션,"게스트하우스펜션 점수가 가장 높습니다 (관광명소 수 44, 공원 수 1 기준)"
152,전라남도 담양군 대덕면 비차리,2022,활용형,단독주택,미동의,도시과,2023-05-15,35.257053878513,127.003868056846,정확(리 단위),대덕면,1870,중,7/12위,44,0.39,2,1,0,"만덕초등학교, 창평초등학교","운암저수지, 월동제, 만덕산, 용운제, 월봉산",만덕초등학교|35.2493439710139|127.035701420655;;창평초등학교|35.2407453290116|127.018751924552,운암저수지|35.24466329996896|127.04129950662733;;월동제|35.23314255177396|127.03768051234397;;만덕산|35.23406379572136|127.0598830283704;;용운제|35.22455609152254|127.03537860324023;;월봉산|35.22544406390878|127.04571653339117,5.5,35.4,50.5,33.7,게스트하우스펜션,"게스트하우스펜션 점수가 가장 높습니다 (관광명소 수 44, 공원 수 1 기준)"
153,전라남도 담양군 대덕면 비차리,2022,활용형,단독주택,미동의,도시과,2023-05-15,35.257053878513,127.003868056846,정확(리 단위),대덕면,1870,중,7/12위,44,0.39,2,1,0,"만덕초등학교, 창평초등학교","운암저수지, 월동제, 만덕산, 용운제, 월봉산",만덕초등학교|35.2493439710139|127.035701420655;;창평초등학교|35.2407453290116|127.018751924552,운암저수지|35.24466329996896|127.04129950662733;;월동제|35.23314255177396|127.03768051234397;;만덕산|35.23406379572136|127.0598830283704;;용운제|35.22455609152254|127.03537860324023;;월봉산|35.22544406390878|127.04571653339117,5.5,35.4,50.5,33.7,게스트하우스펜션,"게스트하우스펜션 점수가 가장 높습니다 (관광명소 수 44, 공원 수 1 기준)"
154,전라남도 담양군 대덕면 비차리,2022,활용형,단독주택,미동의,도시과,2023-05-15,35.257053878513,127.003868056846,정확(리 단위),대덕면,1870,중,7/12위,44,0.39,2,1,0,"만덕초등학교, 창평초등학교","운암저수지, 월동제, 만덕산, 용운제, 월봉산",만덕초등학교|35.2493439710139|127.035701420655;;창평초등학교|35.2407453290116|127.018751924552,운암저수지|35.24466329996896|127.04129950662733;;월동제|35.23314255177396|127.03768051234397;;만덕산|35.23406379572136|127.0598830283704;;용운제|35.22455609152254|127.03537860324023;;월봉산|35.22544406390878|127.04571653339117,5.5,35.4,50.5,33.7,게스트하우스펜션,"게스트하우스펜션 점수가 가장 높습니다 (관광명소 수 44, 공원 수 1 기준)"
155,전라남도 담양군 대덕면 금산리,2022,철거형,단독주택,미동의,도시과,2023-05-15,35.2651638487185,127.037457949405,정확(리 단위),대덕면,1870,중,7/12위,44,0.39,2,1,0,"만덕초등학교, 창평초등학교","운암저수지, 월동제, 만덕산, 용운제, 월봉산",만덕초등학교|35.2493439710139|127.035701420655;;창평초등학교|35.2407453290116|127.018751924552,운암저수지|35.24466329996896|127.04129950662733;;월동제|35.23314255177396|127.03768051234397;;만덕산|35.23406379572136|127.0598830283704;;용운제|35.22455609152254|127.03537860324023;;월봉산|35.22544406390878|127.04571653339117,5.5,35.4,50.5,33.7,게스트하우스펜션,"게스트하우스펜션 점수가 가장 높습니다 (관광명소 수 44, 공원 수 1 기준)"
156,전라남도 담양군 대덕면 금산리,2022,활용형,단독주택,미동의,도시과,2023-05-15,35.2651638487185,127.037457949405,정확(리 단위),대덕면,1870,중,7/12위,44,0.39,2,1,0,"만덕초등학교, 창평초등학교","운암저수지, 월동제, 만덕산, 용운제, 월봉산",만덕초등학교|35.2493439710139|127.035701420655;;창평초등학교|35.2407453290116|127.018751924552,운암저수지|35.24466329996896|127.04129950662733;;월동제|35.23314255177396|127.03768051234397;;만덕산|35.23406379572136|127.0598830283704;;용운제|35.22455609152254|127.03537860324023;;월봉산|35.22544406390878|127.04571653339117,5.5,35.4,50.5,33.7,게스트하우스펜션,"게스트하우스펜션 점수가 가장 높습니다 (관광명소 수 44, 공원 수 1 기준)"
157,전라남도 담양군 대덕면 금산리,2022,활용형,단독주택,미동의,도시과,2023-05-15,35.2651638487185,127.037457949405,정확(리 단위),대덕면,1870,중,7/12위,44,0.39,2,1,0,"만덕초등학교, 창평초등학교","운암저수지, 월동제, 만덕산, 용운제, 월봉산",만덕초등학교|35.2493439710139|127.035701420655;;창평초등학교|35.2407453290116|127.018751924552,운암저수지|35.24466329996896|127.04129950662733;;월동제|35.23314255177396|127.03768051234397;;만덕산|35.23406379572136|127.0598830283704;;용운제|35.22455609152254|127.03537860324023;;월봉산|35.22544406390878|127.04571653339117,5.5,35.4,50.5,33.7,게스트하우스펜션,"게스트하우스펜션 점수가 가장 높습니다 (관광명소 수 44, 공원 수 1 기준)"
158,전라남도 담양군 대덕면 금산리,2022,활용형,단독주택,미동의,도시과,2023-05-15,35.2651638487185,127.037457949405,정확(리 단위),대덕면,1870,중,7/12위,44,0.39,2,1,0,"만덕초등학교, 창평초등학교","운암저수지, 월동제, 만덕산, 용운제, 월봉산",만덕초등학교|35.2493439710139|127.035701420655;;창평초등학교|35.2407453290116|127.018751924552,운암저수지|35.24466329996896|127.04129950662733;;월동제|35.23314255177396|127.03768051234397;;만덕산|35.23406379572136|127.0598830283704;;용운제|35.22455609152254|127.03537860324023;;월봉산|35.22544406390878|127.04571653339117,5.5,35.4,50.5,33.7,게스트하우스펜션,"게스트하우스펜션 점수가 가장 높습니다 (관광명소 수 44, 공원 수 1 기준)"
159,전라남도 담양군 대덕면 성곡리,2022,활용형,단독주택,미동의,도시과,2023-05-15,35.2634746788823,127.059972794149,정확(리 단위),대덕면,1870,중,7/12위,44,0.39,2,1,0,"만덕초등학교, 창평초등학교","운암저수지, 월동제, 만덕산, 용운제, 월봉산",만덕초등학교|35.2493439710139|127.035701420655;;창평초등학교|35.2407453290116|127.018751924552,운암저수지|35.24466329996896|127.04129950662733;;월동제|35.23314255177396|127.03768051234397;;만덕산|35.23406379572136|127.0598830283704;;용운제|35.22455609152254|127.03537860324023;;월봉산|35.22544406390878|127.04571653339117,5.5,35.4,50.5,33.7,게스트하우스펜션,"게스트하우스펜션 점수가 가장 높습니다 (관광명소 수 44, 공원 수 1 기준)"
160,전라남도 담양군 대덕면 성곡리,2022,활용형,단독주택,미동의,도시과,2023-05-15,35.2634746788823,127.059972794149,정확(리 단위),대덕면,1870,중,7/12위,44,0.39,2,1,0,"만덕초등학교, 창평초등학교","운암저수지, 월동제, 만덕산, 용운제, 월봉산",만덕초등학교|35.2493439710139|127.035701420655;;창평초등학교|35.2407453290116|127.018751924552,운암저수지|35.24466329996896|127.04129950662733;;월동제|35.23314255177396|127.03768051234397;;만덕산|35.23406379572136|127.0598830283704;;용운제|35.22455609152254|127.03537860324023;;월봉산|35.22544406390878|127.04571653339117,5.5,35.4,50.5,33.7,게스트하우스펜션,"게스트하우스펜션 점수가 가장 높습니다 (관광명소 수 44, 공원 수 1 기준)"
161,전라남도 담양군 대덕면 성곡리,2022,활용형,단독주택,미동의,도시과,2023-05-15,35.2634746788823,127.059972794149,정확(리 단위),대덕면,1870,중,7/12위,44,0.39,2,1,0,"만덕초등학교, 창평초등학교","운암저수지, 월동제, 만덕산, 용운제, 월봉산",만덕초등학교|35.2493439710139|127.035701420655;;창평초등학교|35.2407453290116|127.018751924552,운암저수지|35.24466329996896|127.04129950662733;;월동제|35.23314255177396|127.03768051234397;;만덕산|35.23406379572136|127.0598830283704;;용운제|35.22455609152254|127.03537860324023;;월봉산|35.22544406390878|127.04571653339117,5.5,35.4,50.5,33.7,게스트하우스펜션,"게스트하우스펜션 점수가 가장 높습니다 (관광명소 수 44, 공원 수 1 기준)"
162,전라남도 담양군 대덕면 성곡리,2022,철거형,단독주택,미동의,도시과,2023-05-15,35.2634746788823,127.059972794149,정확(리 단위),대덕면,1870,중,7/12위,44,0.39,2,1,0,"만덕초등학교, 창평초등학교","운암저수지, 월동제, 만덕산, 용운제, 월봉산",만덕초등학교|35.2493439710139|127.035701420655;;창평초등학교|35.2407453290116|127.018751924552,운암저수지|35.24466329996896|127.04129950662733;;월동제|35.23314255177396|127.03768051234397;;만덕산|35.23406379572136|127.0598830283704;;용운제|35.22455609152254|127.03537860324023;;월봉산|35.22544406390878|127.04571653339117,5.5,35.4,50.5,33.7,게스트하우스펜션,"게스트하우스펜션 점수가 가장 높습니다 (관광명소 수 44, 공원 수 1 기준)"
163,전라남도 담양군 대덕면 성곡리,2022,철거형,단독주택,미동의,도시과,2023-05-15,35.2634746788823,127.059972794149,정확(리 단위),대덕면,1870,중,7/12위,44,0.39,2,1,0,"만덕초등학교, 창평초등학교","운암저수지, 월동제, 만덕산, 용운제, 월봉산",만덕초등학교|35.2493439710139|127.035701420655;;창평초등학교|35.2407453290116|127.018751924552,운암저수지|35.24466329996896|127.04129950662733;;월동제|35.23314255177396|127.03768051234397;;만덕산|35.23406379572136|127.0598830283704;;용운제|35.22455609152254|127.03537860324023;;월봉산|35.22544406390878|127.04571653339117,5.5,35.4,50.5,33.7,게스트하우스펜션,"게스트하우스펜션 점수가 가장 높습니다 (관광명소 수 44, 공원 수 1 기준)"
164,전라남도 담양군 대덕면 성곡리,2022,활용형,단독주택,미동의,도시과,2023-05-15,35.2634746788823,127.059972794149,정확(리 단위),대덕면,1870,중,7/12위,44,0.39,2,1,0,"만덕초등학교, 창평초등학교","운암저수지, 월동제, 만덕산, 용운제, 월봉산",만덕초등학교|35.2493439710139|127.035701420655;;창평초등학교|35.2407453290116|127.018751924552,운암저수지|35.24466329996896|127.04129950662733;;월동제|35.23314255177396|127.03768051234397;;만덕산|35.23406379572136|127.0598830283704;;용운제|35.22455609152254|127.03537860324023;;월봉산|35.22544406390878|127.04571653339117,5.5,35.4,50.5,33.7,게스트하우스펜션,"게스트하우스펜션 점수가 가장 높습니다 (관광명소 수 44, 공원 수 1 기준)"
165,전라남도 담양군 대덕면 성곡리,2022,활용형,단독주택,미동의,도시과,2023-05-15,35.2634746788823,127.059972794149,정확(리 단위),대덕면,1870,중,7/12위,44,0.39,2,1,0,"만덕초등학교, 창평초등학교","운암저수지, 월동제, 만덕산, 용운제, 월봉산",만덕초등학교|35.2493439710139|127.035701420655;;창평초등학교|35.2407453290116|127.018751924552,운암저수지|35.24466329996896|127.04129950662733;;월동제|35.23314255177396|127.03768051234397;;만덕산|35.23406379572136|127.0598830283704;;용운제|35.22455609152254|127.03537860324023;;월봉산|35.22544406390878|127.04571653339117,5.5,35.4,50.5,33.7,게스트하우스펜션,"게스트하우스펜션 점수가 가장 높습니다 (관광명소 수 44, 공원 수 1 기준)"
166,전라남도 담양군 대덕면 성곡리,2022,활용형,단독주택,미동의,도시과,2023-05-15,35.2634746788823,127.059972794149,정확(리 단위),대덕면,1870,중,7/12위,44,0.39,2,1,0,"만덕초등학교, 창평초등학교","운암저수지, 월동제, 만덕산, 용운제, 월봉산",만덕초등학교|35.2493439710139|127.035701420655;;창평초등학교|35.2407453290116|127.018751924552,운암저수지|35.24466329996896|127.04129950662733;;월동제|35.23314255177396|127.03768051234397;;만덕산|35.23406379572136|127.0598830283704;;용운제|35.22455609152254|127.03537860324023;;월봉산|35.22544406390878|127.04571653339117,5.5,35.4,50.5,33.7,게스트하우스펜션,"게스트하우스펜션 점수가 가장 높습니다 (관광명소 수 44, 공원 수 1 기준)"
167,전라남도 담양군 대덕면 성곡리,2022,활용형,단독주택,미동의,도시과,2023-05-15,35.2634746788823,127.059972794149,정확(리 단위),대덕면,1870,중,7/12위,44,0.39,2,1,0,"만덕초등학교, 창평초등학교","운암저수지, 월동제, 만덕산, 용운제, 월봉산",만덕초등학교|35.2493439710139|127.035701420655;;창평초등학교|35.2407453290116|127.018751924552,운암저수지|35.24466329996896|127.04129950662733;;월동제|35.23314255177396|127.03768051234397;;만덕산|35.23406379572136|127.0598830283704;;용운제|35.22455609152254|127.03537860324023;;월봉산|35.22544406390878|127.04571653339117,5.5,35.4,50.5,33.7,게스트하우스펜션,"게스트하우스펜션 점수가 가장 높습니다 (관광명소 수 44, 공원 수 1 기준)"
168,전라남도 담양군 대덕면 성곡리,2022,활용형,단독주택,미동의,도시과,2023-05-15,35.2634746788823,127.059972794149,정확(리 단위),대덕면,1870,중,7/12위,44,0.39,2,1,0,"만덕초등학교, 창평초등학교","운암저수지, 월동제, 만덕산, 용운제, 월봉산",만덕초등학교|35.2493439710139|127.035701420655;;창평초등학교|35.2407453290116|127.018751924552,운암저수지|35.24466329996896|127.04129950662733;;월동제|35.23314255177396|127.03768051234397;;만덕산|35.23406379572136|127.0598830283704;;용운제|35.22455609152254|127.03537860324023;;월봉산|35.22544406390878|127.04571653339117,5.5,35.4,50.5,33.7,게스트하우스펜션,"게스트하우스펜션 점수가 가장 높습니다 (관광명소 수 44, 공원 수 1 기준)"
169,전라남도 담양군 대덕면 문학리,2022,활용형,단독주택,미동의,도시과,2023-05-15,35.2461690628922,127.066464546151,정확(리 단위),대덕면,1870,중,7/12위,44,0.39,2,1,0,"만덕초등학교, 창평초등학교","운암저수지, 월동제, 만덕산, 용운제, 월봉산",만덕초등학교|35.2493439710139|127.035701420655;;창평초등학교|35.2407453290116|127.018751924552,운암저수지|35.24466329996896|127.04129950662733;;월동제|35.23314255177396|127.03768051234397;;만덕산|35.23406379572136|127.0598830283704;;용운제|35.22455609152254|127.03537860324023;;월봉산|35.22544406390878|127.04571653339117,5.5,35.4,50.5,33.7,게스트하우스펜션,"게스트하우스펜션 점수가 가장 높습니다 (관광명소 수 44, 공원 수 1 기준)"
170,전라남도 담양군 대덕면 문학리,2022,활용형,단독주택,미동의,도시과,2023-05-15,35.2461690628922,127.066464546151,정확(리 단위),대덕면,1870,중,7/12위,44,0.39,2,1,0,"만덕초등학교, 창평초등학교","운암저수지, 월동제, 만덕산, 용운제, 월봉산",만덕초등학교|35.2493439710139|127.035701420655;;창평초등학교|35.2407453290116|127.018751924552,운암저수지|35.24466329996896|127.04129950662733;;월동제|35.23314255177396|127.03768051234397;;만덕산|35.23406379572136|127.0598830283704;;용운제|35.22455609152254|127.03537860324023;;월봉산|35.22544406390878|127.04571653339117,5.5,35.4,50.5,33.7,게스트하우스펜션,"게스트하우스펜션 점수가 가장 높습니다 (관광명소 수 44, 공원 수 1 기준)"
171,전라남도 담양군 대덕면 운암리,2022,활용형,단독주택,미동의,도시과,2023-05-15,35.2311124505945,127.052848072492,정확(리 단위),대덕면,1870,중,7/12위,44,0.39,2,1,0,"만덕초등학교, 창평초등학교","운암저수지, 월동제, 만덕산, 용운제, 월봉산",만덕초등학교|35.2493439710139|127.035701420655;;창평초등학교|35.2407453290116|127.018751924552,운암저수지|35.24466329996896|127.04129950662733;;월동제|35.23314255177396|127.03768051234397;;만덕산|35.23406379572136|127.0598830283704;;용운제|35.22455609152254|127.03537860324023;;월봉산|35.22544406390878|127.04571653339117,5.5,35.4,50.5,33.7,게스트하우스펜션,"게스트하우스펜션 점수가 가장 높습니다 (관광명소 수 44, 공원 수 1 기준)"
172,전라남도 담양군 대덕면 운암리,2022,활용형,단독주택,미동의,도시과,2023-05-15,35.2311124505945,127.052848072492,정확(리 단위),대덕면,1870,중,7/12위,44,0.39,2,1,0,"만덕초등학교, 창평초등학교","운암저수지, 월동제, 만덕산, 용운제, 월봉산",만덕초등학교|35.2493439710139|127.035701420655;;창평초등학교|35.2407453290116|127.018751924552,운암저수지|35.24466329996896|127.04129950662733;;월동제|35.23314255177396|127.03768051234397;;만덕산|35.23406379572136|127.0598830283704;;용운제|35.22455609152254|127.03537860324023;;월봉산|35.22544406390878|127.04571653339117,5.5,35.4,50.5,33.7,게스트하우스펜션,"게스트하우스펜션 점수가 가장 높습니다 (관광명소 수 44, 공원 수 1 기준)"
173,전라남도 담양군 대덕면 운암리,2022,활용형,단독주택,미동의,도시과,2023-05-15,35.2311124505945,127.052848072492,정확(리 단위),대덕면,1870,중,7/12위,44,0.39,2,1,0,"만덕초등학교, 창평초등학교","운암저수지, 월동제, 만덕산, 용운제, 월봉산",만덕초등학교|35.2493439710139|127.035701420655;;창평초등학교|35.2407453290116|127.018751924552,운암저수지|35.24466329996896|127.04129950662733;;월동제|35.23314255177396|127.03768051234397;;만덕산|35.23406379572136|127.0598830283704;;용운제|35.22455609152254|127.03537860324023;;월봉산|35.22544406390878|127.04571653339117,5.5,35.4,50.5,33.7,게스트하우스펜션,"게스트하우스펜션 점수가 가장 높습니다 (관광명소 수 44, 공원 수 1 기준)"
174,전라남도 담양군 대덕면 용대리,2022,활용형,단독주택,미동의,도시과,2023-05-15,35.2273650392453,127.075839007555,정확(리 단위),대덕면,1870,중,7/12위,44,0.39,2,1,0,"만덕초등학교, 창평초등학교","운암저수지, 월동제, 만덕산, 용운제, 월봉산",만덕초등학교|35.2493439710139|127.035701420655;;창평초등학교|35.2407453290116|127.018751924552,운암저수지|35.24466329996896|127.04129950662733;;월동제|35.23314255177396|127.03768051234397;;만덕산|35.23406379572136|127.0598830283704;;용운제|35.22455609152254|127.03537860324023;;월봉산|35.22544406390878|127.04571653339117,5.5,35.4,50.5,33.7,게스트하우스펜션,"게스트하우스펜션 점수가 가장 높습니다 (관광명소 수 44, 공원 수 1 기준)"
175,전라남도 담양군 대덕면 용대리,2022,활용형,단독주택,미동의,도시과,2023-05-15,35.2273650392453,127.075839007555,정확(리 단위),대덕면,1870,중,7/12위,44,0.39,2,1,0,"만덕초등학교, 창평초등학교","운암저수지, 월동제, 만덕산, 용운제, 월봉산",만덕초등학교|35.2493439710139|127.035701420655;;창평초등학교|35.2407453290116|127.018751924552,운암저수지|35.24466329996896|127.04129950662733;;월동제|35.23314255177396|127.03768051234397;;만덕산|35.23406379572136|127.0598830283704;;용운제|35.22455609152254|127.03537860324023;;월봉산|35.22544406390878|127.04571653339117,5.5,35.4,50.5,33.7,게스트하우스펜션,"게스트하우스펜션 점수가 가장 높습니다 (관광명소 수 44, 공원 수 1 기준)"
176,전라남도 담양군 대덕면 갈전리,2022,활용형,단독주택,미동의,도시과,2023-05-15,35.19910972361,127.095833264595,정확(리 단위),대덕면,1870,중,7/12위,44,0.39,2,1,0,"만덕초등학교, 창평초등학교","운암저수지, 월동제, 만덕산, 용운제, 월봉산",만덕초등학교|35.2493439710139|127.035701420655;;창평초등학교|35.2407453290116|127.018751924552,운암저수지|35.24466329996896|127.04129950662733;;월동제|35.23314255177396|127.03768051234397;;만덕산|35.23406379572136|127.0598830283704;;용운제|35.22455609152254|127.03537860324023;;월봉산|35.22544406390878|127.04571653339117,5.5,35.4,50.5,33.7,게스트하우스펜션,"게스트하우스펜션 점수가 가장 높습니다 (관광명소 수 44, 공원 수 1 기준)"
177,전라남도 담양군 대덕면 갈전리,2022,활용형,단독주택,미동의,도시과,2023-05-15,35.19910972361,127.095833264595,정확(리 단위),대덕면,1870,중,7/12위,44,0.39,2,1,0,"만덕초등학교, 창평초등학교","운암저수지, 월동제, 만덕산, 용운제, 월봉산",만덕초등학교|35.2493439710139|127.035701420655;;창평초등학교|35.2407453290116|127.018751924552,운암저수지|35.24466329996896|127.04129950662733;;월동제|35.23314255177396|127.03768051234397;;만덕산|35.23406379572136|127.0598830283704;;용운제|35.22455609152254|127.03537860324023;;월봉산|35.22544406390878|127.04571653339117,5.5,35.4,50.5,33.7,게스트하우스펜션,"게스트하우스펜션 점수가 가장 높습니다 (관광명소 수 44, 공원 수 1 기준)"
178,전라남도 담양군 대덕면 운산리,2022,활용형,단독주택,미동의,도시과,2023-05-15,35.1963260240511,127.075950700053,정확(리 단위),대덕면,1870,중,7/12위,44,0.39,2,1,0,"만덕초등학교, 창평초등학교","운암저수지, 월동제, 만덕산, 용운제, 월봉산",만덕초등학교|35.2493439710139|127.035701420655;;창평초등학교|35.2407453290116|127.018751924552,운암저수지|35.24466329996896|127.04129950662733;;월동제|35.23314255177396|127.03768051234397;;만덕산|35.23406379572136|127.0598830283704;;용운제|35.22455609152254|127.03537860324023;;월봉산|35.22544406390878|127.04571653339117,5.5,35.4,50.5,33.7,게스트하우스펜션,"게스트하우스펜션 점수가 가장 높습니다 (관광명소 수 44, 공원 수 1 기준)"
179,전라남도 담양군 대덕면 운산리,2022,활용형,단독주택,미동의,도시과,2023-05-15,35.1963260240511,127.075950700053,정확(리 단위),대덕면,1870,중,7/12위,44,0.39,2,1,0,"만덕초등학교, 창평초등학교","운암저수지, 월동제, 만덕산, 용운제, 월봉산",만덕초등학교|35.2493439710139|127.035701420655;;창평초등학교|35.2407453290116|127.018751924552,운암저수지|35.24466329996896|127.04129950662733;;월동제|35.23314255177396|127.03768051234397;;만덕산|35.23406379572136|127.0598830283704;;용운제|35.22455609152254|127.03537860324023;;월봉산|35.22544406390878|127.04571653339117,5.5,35.4,50.5,33.7,게스트하우스펜션,"게스트하우스펜션 점수가 가장 높습니다 (관광명소 수 44, 공원 수 1 기준)"
180,전라남도 담양군 대덕면 운산리,2022,활용형,단독주택,미동의,도시과,2023-05-15,35.1963260240511,127.075950700053,정확(리 단위),대덕면,1870,중,7/12위,44,0.39,2,1,0,"만덕초등학교, 창평초등학교","운암저수지, 월동제, 만덕산, 용운제, 월봉산",만덕초등학교|35.2493439710139|127.035701420655;;창평초등학교|35.2407453290116|127.018751924552,운암저수지|35.24466329996896|127.04129950662733;;월동제|35.23314255177396|127.03768051234397;;만덕산|35.23406379572136|127.0598830283704;;용운제|35.22455609152254|127.03537860324023;;월봉산|35.22544406390878|127.04571653339117,5.5,35.4,50.5,33.7,게스트하우스펜션,"게스트하우스펜션 점수가 가장 높습니다 (관광명소 수 44, 공원 수 1 기준)"
181,전라남도 담양군 무정면 봉안리,2022,활용형,단독주택,미동의,도시과,2023-05-15,35.2951687081627,127.034081235602,정확(리 단위),무정면,2549,하,9/12위,37,0.14,1,1,1,무정초등학교,"노천저수지, 미륵골, 덕곡소류지, 동산소류지, 평지소류지",무정초등학교|35.2908583681781|127.040372030195,노천저수지|35.311855396179574|127.0298612928069;;미륵골|35.2980711545791|127.01602974722;;덕곡소류지|35.2972366968006|127.05902030449593;;동산소류지|35.283817152189904|127.0453030283504;;평지소류지|35.280532488479004|127.05833877118937,3.5,25.1,48.1,26.7,게스트하우스펜션,"게스트하우스펜션 점수가 가장 높습니다 (관광명소 수 37, 공원 수 2 기준)"
182,전라남도 담양군 무정면 봉안리,2022,활용형,단독주택,미동의,도시과,2023-05-15,35.2951687081627,127.034081235602,정확(리 단위),무정면,2549,하,9/12위,37,0.14,1,1,1,무정초등학교,"노천저수지, 미륵골, 덕곡소류지, 동산소류지, 평지소류지",무정초등학교|35.2908583681781|127.040372030195,노천저수지|35.311855396179574|127.0298612928069;;미륵골|35.2980711545791|127.01602974722;;덕곡소류지|35.2972366968006|127.05902030449593;;동산소류지|35.283817152189904|127.0453030283504;;평지소류지|35.280532488479004|127.05833877118937,3.5,25.1,48.1,26.7,게스트하우스펜션,"게스트하우스펜션 점수가 가장 높습니다 (관광명소 수 37, 공원 수 2 기준)"
183,전라남도 담양군 무정면 봉안리,2022,활용형,단독주택,미동의,도시과,2023-05-15,35.2951687081627,127.034081235602,정확(리 단위),무정면,2549,하,9/12위,37,0.14,1,1,1,무정초등학교,"노천저수지, 미륵골, 덕곡소류지, 동산소류지, 평지소류지",무정초등학교|35.2908583681781|127.040372030195,노천저수지|35.311855396179574|127.0298612928069;;미륵골|35.2980711545791|127.01602974722;;덕곡소류지|35.2972366968006|127.05902030449593;;동산소류지|35.283817152189904|127.0453030283504;;평지소류지|35.280532488479004|127.05833877118937,3.5,25.1,48.1,26.7,게스트하우스펜션,"게스트하우스펜션 점수가 가장 높습니다 (관광명소 수 37, 공원 수 2 기준)"
184,전라남도 담양군 무정면 봉안리,2022,활용형,단독주택,미동의,도시과,2023-05-15,35.2951687081627,127.034081235602,정확(리 단위),무정면,2549,하,9/12위,37,0.14,1,1,1,무정초등학교,"노천저수지, 미륵골, 덕곡소류지, 동산소류지, 평지소류지",무정초등학교|35.2908583681781|127.040372030195,노천저수지|35.311855396179574|127.0298612928069;;미륵골|35.2980711545791|127.01602974722;;덕곡소류지|35.2972366968006|127.05902030449593;;동산소류지|35.283817152189904|127.0453030283504;;평지소류지|35.280532488479004|127.05833877118937,3.5,25.1,48.1,26.7,게스트하우스펜션,"게스트하우스펜션 점수가 가장 높습니다 (관광명소 수 37, 공원 수 2 기준)"
185,전라남도 담양군 무정면 봉안리,2022,활용형,단독주택,미동의,도시과,2023-05-15,35.2951687081627,127.034081235602,정확(리 단위),무정면,2549,하,9/12위,37,0.14,1,1,1,무정초등학교,"노천저수지, 미륵골, 덕곡소류지, 동산소류지, 평지소류지",무정초등학교|35.2908583681781|127.040372030195,노천저수지|35.311855396179574|127.0298612928069;;미륵골|35.2980711545791|127.01602974722;;덕곡소류지|35.2972366968006|127.05902030449593;;동산소류지|35.283817152189904|127.0453030283504;;평지소류지|35.280532488479004|127.05833877118937,3.5,25.1,48.1,26.7,게스트하우스펜션,"게스트하우스펜션 점수가 가장 높습니다 (관광명소 수 37, 공원 수 2 기준)"
186,전라남도 담양군 무정면 오룡리,2022,활용형,단독주택,동의,도시과,2023-05-15,35.3021746546978,127.010502323443,정확(리 단위),무정면,2549,하,9/12위,37,0.14,1,1,1,무정초등학교,"노천저수지, 미륵골, 덕곡소류지, 동산소류지, 평지소류지",무정초등학교|35.2908583681781|127.040372030195,노천저수지|35.311855396179574|127.0298612928069;;미륵골|35.2980711545791|127.01602974722;;덕곡소류지|35.2972366968006|127.05902030449593;;동산소류지|35.283817152189904|127.0453030283504;;평지소류지|35.280532488479004|127.05833877118937,3.5,25.1,48.1,26.7,게스트하우스펜션,"게스트하우스펜션 점수가 가장 높습니다 (관광명소 수 37, 공원 수 2 기준)"
187,전라남도 담양군 무정면 오룡리,2022,활용형,단독주택,미동의,도시과,2023-05-15,35.3021746546978,127.010502323443,정확(리 단위),무정면,2549,하,9/12위,37,0.14,1,1,1,무정초등학교,"노천저수지, 미륵골, 덕곡소류지, 동산소류지, 평지소류지",무정초등학교|35.2908583681781|127.040372030195,노천저수지|35.311855396179574|127.0298612928069;;미륵골|35.2980711545791|127.01602974722;;덕곡소류지|35.2972366968006|127.05902030449593;;동산소류지|35.283817152189904|127.0453030283504;;평지소류지|35.280532488479004|127.05833877118937,3.5,25.1,48.1,26.7,게스트하우스펜션,"게스트하우스펜션 점수가 가장 높습니다 (관광명소 수 37, 공원 수 2 기준)"
188,전라남도 담양군 무정면 오룡리,2022,활용형,단독주택,미동의,도시과,2023-05-15,35.3021746546978,127.010502323443,정확(리 단위),무정면,2549,하,9/12위,37,0.14,1,1,1,무정초등학교,"노천저수지, 미륵골, 덕곡소류지, 동산소류지, 평지소류지",무정초등학교|35.2908583681781|127.040372030195,노천저수지|35.311855396179574|127.0298612928069;;미륵골|35.2980711545791|127.01602974722;;덕곡소류지|35.2972366968006|127.05902030449593;;동산소류지|35.283817152189904|127.0453030283504;;평지소류지|35.280532488479004|127.05833877118937,3.5,25.1,48.1,26.7,게스트하우스펜션,"게스트하우스펜션 점수가 가장 높습니다 (관광명소 수 37, 공원 수 2 기준)"
189,전라남도 담양군 무정면 오룡리,2022,철거형,단독주택,미동의,도시과,2023-05-15,35.3021746546978,127.010502323443,정확(리 단위),무정면,2549,하,9/12위,37,0.14,1,1,1,무정초등학교,"노천저수지, 미륵골, 덕곡소류지, 동산소류지, 평지소류지",무정초등학교|35.2908583681781|127.040372030195,노천저수지|35.311855396179574|127.0298612928069;;미륵골|35.2980711545791|127.01602974722;;덕곡소류지|35.2972366968006|127.05902030449593;;동산소류지|35.283817152189904|127.0453030283504;;평지소류지|35.280532488479004|127.05833877118937,3.5,25.1,48.1,26.7,게스트하우스펜션,"게스트하우스펜션 점수가 가장 높습니다 (관광명소 수 37, 공원 수 2 기준)"
190,전라남도 담양군 무정면 오룡리,2022,활용형,단독주택,미동의,도시과,2023-05-15,35.3021746546978,127.010502323443,정확(리 단위),무정면,2549,하,9/12위,37,0.14,1,1,1,무정초등학교,"노천저수지, 미륵골, 덕곡소류지, 동산소류지, 평지소류지",무정초등학교|35.2908583681781|127.040372030195,노천저수지|35.311855396179574|127.0298612928069;;미륵골|35.2980711545791|127.01602974722;;덕곡소류지|35.2972366968006|127.05902030449593;;동산소류지|35.283817152189904|127.0453030283504;;평지소류지|35.280532488479004|127.05833877118937,3.5,25.1,48.1,26.7,게스트하우스펜션,"게스트하우스펜션 점수가 가장 높습니다 (관광명소 수 37, 공원 수 2 기준)"
191,전라남도 담양군 무정면 오룡리,2022,활용형,단독주택,미동의,도시과,2023-05-15,35.3021746546978,127.010502323443,정확(리 단위),무정면,2549,하,9/12위,37,0.14,1,1,1,무정초등학교,"노천저수지, 미륵골, 덕곡소류지, 동산소류지, 평지소류지",무정초등학교|35.2908583681781|127.040372030195,노천저수지|35.311855396179574|127.0298612928069;;미륵골|35.2980711545791|127.01602974722;;덕곡소류지|35.2972366968006|127.05902030449593;;동산소류지|35.283817152189904|127.0453030283504;;평지소류지|35.280532488479004|127.05833877118937,3.5,25.1,48.1,26.7,게스트하우스펜션,"게스트하우스펜션 점수가 가장 높습니다 (관광명소 수 37, 공원 수 2 기준)"
192,전라남도 담양군 무정면 오봉리,2022,활용형,단독주택,미동의,도시과,2023-05-15,35.2817460225335,126.983542579043,정확(리 단위),무정면,2549,하,9/12위,37,0.14,1,1,1,무정초등학교,"노천저수지, 미륵골, 덕곡소류지, 동산소류지, 평지소류지",무정초등학교|35.2908583681781|127.040372030195,노천저수지|35.311855396179574|127.0298612928069;;미륵골|35.2980711545791|127.01602974722;;덕곡소류지|35.2972366968006|127.05902030449593;;동산소류지|35.283817152189904|127.0453030283504;;평지소류지|35.280532488479004|127.05833877118937,3.5,25.1,48.1,26.7,게스트하우스펜션,"게스트하우스펜션 점수가 가장 높습니다 (관광명소 수 37, 공원 수 2 기준)"
193,전라남도 담양군 무정면 오봉리,2022,활용형,단독주택,미동의,도시과,2023-05-15,35.2817460225335,126.983542579043,정확(리 단위),무정면,2549,하,9/12위,37,0.14,1,1,1,무정초등학교,"노천저수지, 미륵골, 덕곡소류지, 동산소류지, 평지소류지",무정초등학교|35.2908583681781|127.040372030195,노천저수지|35.311855396179574|127.0298612928069;;미륵골|35.2980711545791|127.01602974722;;덕곡소류지|35.2972366968006|127.05902030449593;;동산소류지|35.283817152189904|127.0453030283504;;평지소류지|35.280532488479004|127.05833877118937,3.5,25.1,48.1,26.7,게스트하우스펜션,"게스트하우스펜션 점수가 가장 높습니다 (관광명소 수 37, 공원 수 2 기준)"
194,전라남도 담양군 무정면 오봉리,2022,활용형,단독주택,미동의,도시과,2023-05-15,35.2817460225335,126.983542579043,정확(리 단위),무정면,2549,하,9/12위,37,0.14,1,1,1,무정초등학교,"노천저수지, 미륵골, 덕곡소류지, 동산소류지, 평지소류지",무정초등학교|35.2908583681781|127.040372030195,노천저수지|35.311855396179574|127.0298612928069;;미륵골|35.2980711545791|127.01602974722;;덕곡소류지|35.2972366968006|127.05902030449593;;동산소류지|35.283817152189904|127.0453030283504;;평지소류지|35.280532488479004|127.05833877118937,3.5,25.1,48.1,26.7,게스트하우스펜션,"게스트하우스펜션 점수가 가장 높습니다 (관광명소 수 37, 공원 수 2 기준)"
195,전라남도 담양군 무정면 오봉리,2022,활용형,단독주택,미동의,도시과,2023-05-15,35.2817460225335,126.983542579043,정확(리 단위),무정면,2549,하,9/12위,37,0.14,1,1,1,무정초등학교,"노천저수지, 미륵골, 덕곡소류지, 동산소류지, 평지소류지",무정초등학교|35.2908583681781|127.040372030195,노천저수지|35.311855396179574|127.0298612928069;;미륵골|35.2980711545791|127.01602974722;;덕곡소류지|35.2972366968006|127.05902030449593;;동산소류지|35.283817152189904|127.0453030283504;;평지소류지|35.280532488479004|127.05833877118937,3.5,25.1,48.1,26.7,게스트하우스펜션,"게스트하우스펜션 점수가 가장 높습니다 (관광명소 수 37, 공원 수 2 기준)"
196,전라남도 담양군 무정면 영천리,2022,활용형,단독주택,미동의,도시과,2023-05-15,35.2865022500491,126.990568198642,정확(리 단위),무정면,2549,하,9/12위,37,0.14,1,1,1,무정초등학교,"노천저수지, 미륵골, 덕곡소류지, 동산소류지, 평지소류지",무정초등학교|35.2908583681781|127.040372030195,노천저수지|35.311855396179574|127.0298612928069;;미륵골|35.2980711545791|127.01602974722;;덕곡소류지|35.2972366968006|127.05902030449593;;동산소류지|35.283817152189904|127.0453030283504;;평지소류지|35.280532488479004|127.05833877118937,3.5,25.1,48.1,26.7,게스트하우스펜션,"게스트하우스펜션 점수가 가장 높습니다 (관광명소 수 37, 공원 수 2 기준)"
197,전라남도 담양군 무정면 영천리,2022,활용형,단독주택,미동의,도시과,2023-05-15,35.2865022500491,126.990568198642,정확(리 단위),무정면,2549,하,9/12위,37,0.14,1,1,1,무정초등학교,"노천저수지, 미륵골, 덕곡소류지, 동산소류지, 평지소류지",무정초등학교|35.2908583681781|127.040372030195,노천저수지|35.311855396179574|127.0298612928069;;미륵골|35.2980711545791|127.01602974722;;덕곡소류지|35.2972366968006|127.05902030449593;;동산소류지|35.283817152189904|127.0453030283504;;평지소류지|35.280532488479004|127.05833877118937,3.5,25.1,48.1,26.7,게스트하우스펜션,"게스트하우스펜션 점수가 가장 높습니다 (관광명소 수 37, 공원 수 2 기준)"
198,전라남도 담양군 무정면 영천리,2022,활용형,단독주택,미동의,도시과,2023-05-15,35.2865022500491,126.990568198642,정확(리 단위),무정면,2549,하,9/12위,37,0.14,1,1,1,무정초등학교,"노천저수지, 미륵골, 덕곡소류지, 동산소류지, 평지소류지",무정초등학교|35.2908583681781|127.040372030195,노천저수지|35.311855396179574|127.0298612928069;;미륵골|35.2980711545791|127.01602974722;;덕곡소류지|35.2972366968006|127.05902030449593;;동산소류지|35.283817152189904|127.0453030283504;;평지소류지|35.280532488479004|127.05833877118937,3.5,25.1,48.1,26.7,게스트하우스펜션,"게스트하우스펜션 점수가 가장 높습니다 (관광명소 수 37, 공원 수 2 기준)"
199,전라남도 담양군 무정면 영천리,2022,활용형,단독주택,미동의,도시과,2023-05-15,35.2865022500491,126.990568198642,정확(리 단위),무정면,2549,하,9/12위,37,0.14,1,1,1,무정초등학교,"노천저수지, 미륵골, 덕곡소류지, 동산소류지, 평지소류지",무정초등학교|35.2908583681781|127.040372030195,노천저수지|35.311855396179574|127.0298612928069;;미륵골|35.2980711545791|127.01602974722;;덕곡소류지|35.2972366968006|127.05902030449593;;동산소류지|35.283817152189904|127.0453030283504;;평지소류지|35.280532488479004|127.05833877118937,3.5,25.1,48.1,26.7,게스트하우스펜션,"게스트하우스펜션 점수가 가장 높습니다 (관광명소 수 37, 공원 수 2 기준)"
200,전라남도 담양군 무정면 영천리,2022,활용형,단독주택,미동의,도시과,2023-05-15,35.2865022500491,126.990568198642,정확(리 단위),무정면,2549,하,9/12위,37,0.14,1,1,1,무정초등학교,"노천저수지, 미륵골, 덕곡소류지, 동산소류지, 평지소류지",무정초등학교|35.2908583681781|127.040372030195,노천저수지|35.311855396179574|127.0298612928069;;미륵골|35.2980711545791|127.01602974722;;덕곡소류지|35.2972366968006|127.05902030449593;;동산소류지|35.283817152189904|127.0453030283504;;평지소류지|35.280532488479004|127.05833877118937,3.5,25.1,48.1,26.7,게스트하우스펜션,"게스트하우스펜션 점수가 가장 높습니다 (관광명소 수 37, 공원 수 2 기준)"
201,전라남도 담양군 무정면 영천리,2022,활용형,단독주택,미동의,도시과,2023-05-15,35.2865022500491,126.990568198642,정확(리 단위),무정면,2549,하,9/12위,37,0.14,1,1,1,무정초등학교,"노천저수지, 미륵골, 덕곡소류지, 동산소류지, 평지소류지",무정초등학교|35.2908583681781|127.040372030195,노천저수지|35.311855396179574|127.0298612928069;;미륵골|35.2980711545791|127.01602974722;;덕곡소류지|35.2972366968006|127.05902030449593;;동산소류지|35.283817152189904|127.0453030283504;;평지소류지|35.280532488479004|127.05833877118937,3.5,25.1,48.1,26.7,게스트하우스펜션,"게스트하우스펜션 점수가 가장 높습니다 (관광명소 수 37, 공원 수 2 기준)"
202,전라남도 담양군 무정면 영천리,2022,활용형,단독주택,미동의,도시과,2023-05-15,35.2865022500491,126.990568198642,정확(리 단위),무정면,2549,하,9/12위,37,0.14,1,1,1,무정초등학교,"노천저수지, 미륵골, 덕곡소류지, 동산소류지, 평지소류지",무정초등학교|35.2908583681781|127.040372030195,노천저수지|35.311855396179574|127.0298612928069;;미륵골|35.2980711545791|127.01602974722;;덕곡소류지|35.2972366968006|127.05902030449593;;동산소류지|35.283817152189904|127.0453030283504;;평지소류지|35.280532488479004|127.05833877118937,3.5,25.1,48.1,26.7,게스트하우스펜션,"게스트하우스펜션 점수가 가장 높습니다 (관광명소 수 37, 공원 수 2 기준)"
203,전라남도 담양군 무정면 성도리,2022,활용형,단독주택,미동의,도시과,2023-05-15,35.2870757423612,127.005566780762,정확(리 단위),무정면,2549,하,9/12위,37,0.14,1,1,1,무정초등학교,"노천저수지, 미륵골, 덕곡소류지, 동산소류지, 평지소류지",무정초등학교|35.2908583681781|127.040372030195,노천저수지|35.311855396179574|127.0298612928069;;미륵골|35.2980711545791|127.01602974722;;덕곡소류지|35.2972366968006|127.05902030449593;;동산소류지|35.283817152189904|127.0453030283504;;평지소류지|35.280532488479004|127.05833877118937,3.5,25.1,48.1,26.7,게스트하우스펜션,"게스트하우스펜션 점수가 가장 높습니다 (관광명소 수 37, 공원 수 2 기준)"
204,전라남도 담양군 무정면 성도리,2022,활용형,단독주택,미동의,도시과,2023-05-15,35.2870757423612,127.005566780762,정확(리 단위),무정면,2549,하,9/12위,37,0.14,1,1,1,무정초등학교,"노천저수지, 미륵골, 덕곡소류지, 동산소류지, 평지소류지",무정초등학교|35.2908583681781|127.040372030195,노천저수지|35.311855396179574|127.0298612928069;;미륵골|35.2980711545791|127.01602974722;;덕곡소류지|35.2972366968006|127.05902030449593;;동산소류지|35.283817152189904|127.0453030283504;;평지소류지|35.280532488479004|127.05833877118937,3.5,25.1,48.1,26.7,게스트하우스펜션,"게스트하우스펜션 점수가 가장 높습니다 (관광명소 수 37, 공원 수 2 기준)"
205,전라남도 담양군 무정면 성도리,2022,철거형,단독주택,미동의,도시과,2023-05-15,35.2870757423612,127.005566780762,정확(리 단위),무정면,2549,하,9/12위,37,0.14,1,1,1,무정초등학교,"노천저수지, 미륵골, 덕곡소류지, 동산소류지, 평지소류지",무정초등학교|35.2908583681781|127.040372030195,노천저수지|35.311855396179574|127.0298612928069;;미륵골|35.2980711545791|127.01602974722;;덕곡소류지|35.2972366968006|127.05902030449593;;동산소류지|35.283817152189904|127.0453030283504;;평지소류지|35.280532488479004|127.05833877118937,3.5,25.1,48.1,26.7,게스트하우스펜션,"게스트하우스펜션 점수가 가장 높습니다 (관광명소 수 37, 공원 수 2 기준)"
206,전라남도 담양군 무정면 동산리,2022,활용형,단독주택,미동의,도시과,2023-05-15,35.2829036358694,127.032752624039,정확(리 단위),무정면,2549,하,9/12위,37,0.14,1,1,1,무정초등학교,"노천저수지, 미륵골, 덕곡소류지, 동산소류지, 평지소류지",무정초등학교|35.2908583681781|127.040372030195,노천저수지|35.311855396179574|127.0298612928069;;미륵골|35.2980711545791|127.01602974722;;덕곡소류지|35.2972366968006|127.05902030449593;;동산소류지|35.283817152189904|127.0453030283504;;평지소류지|35.280532488479004|127.05833877118937,3.5,25.1,48.1,26.7,게스트하우스펜션,"게스트하우스펜션 점수가 가장 높습니다 (관광명소 수 37, 공원 수 2 기준)"
207,전라남도 담양군 무정면 동산리,2022,활용형,단독주택,미동의,도시과,2023-05-15,35.2829036358694,127.032752624039,정확(리 단위),무정면,2549,하,9/12위,37,0.14,1,1,1,무정초등학교,"노천저수지, 미륵골, 덕곡소류지, 동산소류지, 평지소류지",무정초등학교|35.2908583681781|127.040372030195,노천저수지|35.311855396179574|127.0298612928069;;미륵골|35.2980711545791|127.01602974722;;덕곡소류지|35.2972366968006|127.05902030449593;;동산소류지|35.283817152189904|127.0453030283504;;평지소류지|35.280532488479004|127.05833877118937,3.5,25.1,48.1,26.7,게스트하우스펜션,"게스트하우스펜션 점수가 가장 높습니다 (관광명소 수 37, 공원 수 2 기준)"
208,전라남도 담양군 무정면 동산리,2022,활용형,단독주택,미동의,도시과,2023-05-15,35.2829036358694,127.032752624039,정확(리 단위),무정면,2549,하,9/12위,37,0.14,1,1,1,무정초등학교,"노천저수지, 미륵골, 덕곡소류지, 동산소류지, 평지소류지",무정초등학교|35.2908583681781|127.040372030195,노천저수지|35.311855396179574|127.0298612928069;;미륵골|35.2980711545791|127.01602974722;;덕곡소류지|35.2972366968006|127.05902030449593;;동산소류지|35.283817152189904|127.0453030283504;;평지소류지|35.280532488479004|127.05833877118937,3.5,25.1,48.1,26.7,게스트하우스펜션,"게스트하우스펜션 점수가 가장 높습니다 (관광명소 수 37, 공원 수 2 기준)"
209,전라남도 담양군 무정면 동산리,2022,활용형,단독주택,동의,도시과,2023-05-15,35.2829036358694,127.032752624039,정확(리 단위),무정면,2549,하,9/12위,37,0.14,1,1,1,무정초등학교,"노천저수지, 미륵골, 덕곡소류지, 동산소류지, 평지소류지",무정초등학교|35.2908583681781|127.040372030195,노천저수지|35.311855396179574|127.0298612928069;;미륵골|35.2980711545791|127.01602974722;;덕곡소류지|35.2972366968006|127.05902030449593;;동산소류지|35.283817152189904|127.0453030283504;;평지소류지|35.280532488479004|127.05833877118937,3.5,25.1,48.1,26.7,게스트하우스펜션,"게스트하우스펜션 점수가 가장 높습니다 (관광명소 수 37, 공원 수 2 기준)"
210,전라남도 담양군 무정면 안평리,2022,활용형,단독주택,미동의,도시과,2023-05-15,35.288267144403,127.055901672137,정확(리 단위),무정면,2549,하,9/12위,37,0.14,1,1,1,무정초등학교,"노천저수지, 미륵골, 덕곡소류지, 동산소류지, 평지소류지",무정초등학교|35.2908583681781|127.040372030195,노천저수지|35.311855396179574|127.0298612928069;;미륵골|35.2980711545791|127.01602974722;;덕곡소류지|35.2972366968006|127.05902030449593;;동산소류지|35.283817152189904|127.0453030283504;;평지소류지|35.280532488479004|127.05833877118937,3.5,25.1,48.1,26.7,게스트하우스펜션,"게스트하우스펜션 점수가 가장 높습니다 (관광명소 수 37, 공원 수 2 기준)"
211,전라남도 담양군 무정면 안평리,2022,활용형,단독주택,미동의,도시과,2023-05-15,35.288267144403,127.055901672137,정확(리 단위),무정면,2549,하,9/12위,37,0.14,1,1,1,무정초등학교,"노천저수지, 미륵골, 덕곡소류지, 동산소류지, 평지소류지",무정초등학교|35.2908583681781|127.040372030195,노천저수지|35.311855396179574|127.0298612928069;;미륵골|35.2980711545791|127.01602974722;;덕곡소류지|35.2972366968006|127.05902030449593;;동산소류지|35.283817152189904|127.0453030283504;;평지소류지|35.280532488479004|127.05833877118937,3.5,25.1,48.1,26.7,게스트하우스펜션,"게스트하우스펜션 점수가 가장 높습니다 (관광명소 수 37, 공원 수 2 기준)"
212,전라남도 담양군 무정면 안평리,2022,활용형,단독주택,미동의,도시과,2023-05-15,35.288267144403,127.055901672137,정확(리 단위),무정면,2549,하,9/12위,37,0.14,1,1,1,무정초등학교,"노천저수지, 미륵골, 덕곡소류지, 동산소류지, 평지소류지",무정초등학교|35.2908583681781|127.040372030195,노천저수지|35.311855396179574|127.0298612928069;;미륵골|35.2980711545791|127.01602974722;;덕곡소류지|35.2972366968006|127.05902030449593;;동산소류지|35.283817152189904|127.0453030283504;;평지소류지|35.280532488479004|127.05833877118937,3.5,25.1,48.1,26.7,게스트하우스펜션,"게스트하우스펜션 점수가 가장 높습니다 (관광명소 수 37, 공원 수 2 기준)"
213,전라남도 담양군 무정면 안평리,2022,활용형,단독주택,미동의,도시과,2023-05-15,35.288267144403,127.055901672137,정확(리 단위),무정면,2549,하,9/12위,37,0.14,1,1,1,무정초등학교,"노천저수지, 미륵골, 덕곡소류지, 동산소류지, 평지소류지",무정초등학교|35.2908583681781|127.040372030195,노천저수지|35.311855396179574|127.0298612928069;;미륵골|35.2980711545791|127.01602974722;;덕곡소류지|35.2972366968006|127.05902030449593;;동산소류지|35.283817152189904|127.0453030283504;;평지소류지|35.280532488479004|127.05833877118937,3.5,25.1,48.1,26.7,게스트하우스펜션,"게스트하우스펜션 점수가 가장 높습니다 (관광명소 수 37, 공원 수 2 기준)"
214,전라남도 담양군 무정면 안평리,2022,활용형,단독주택,미동의,도시과,2023-05-15,35.288267144403,127.055901672137,정확(리 단위),무정면,2549,하,9/12위,37,0.14,1,1,1,무정초등학교,"노천저수지, 미륵골, 덕곡소류지, 동산소류지, 평지소류지",무정초등학교|35.2908583681781|127.040372030195,노천저수지|35.311855396179574|127.0298612928069;;미륵골|35.2980711545791|127.01602974722;;덕곡소류지|35.2972366968006|127.05902030449593;;동산소류지|35.283817152189904|127.0453030283504;;평지소류지|35.280532488479004|127.05833877118937,3.5,25.1,48.1,26.7,게스트하우스펜션,"게스트하우스펜션 점수가 가장 높습니다 (관광명소 수 37, 공원 수 2 기준)"
215,전라남도 담양군 무정면 덕곡리,2022,활용형,단독주택,미동의,도시과,2023-05-15,35.2989409012135,127.0594844084,정확(리 단위),무정면,2549,하,9/12위,37,0.14,1,1,1,무정초등학교,"노천저수지, 미륵골, 덕곡소류지, 동산소류지, 평지소류지",무정초등학교|35.2908583681781|127.040372030195,노천저수지|35.311855396179574|127.0298612928069;;미륵골|35.2980711545791|127.01602974722;;덕곡소류지|35.2972366968006|127.05902030449593;;동산소류지|35.283817152189904|127.0453030283504;;평지소류지|35.280532488479004|127.05833877118937,3.5,25.1,48.1,26.7,게스트하우스펜션,"게스트하우스펜션 점수가 가장 높습니다 (관광명소 수 37, 공원 수 2 기준)"
216,전라남도 담양군 무정면 서흥리,2022,활용형,단독주택,미동의,도시과,2023-05-15,35.2962854290674,127.086567518196,정확(리 단위),무정면,2549,하,9/12위,37,0.14,1,1,1,무정초등학교,"노천저수지, 미륵골, 덕곡소류지, 동산소류지, 평지소류지",무정초등학교|35.2908583681781|127.040372030195,노천저수지|35.311855396179574|127.0298612928069;;미륵골|35.2980711545791|127.01602974722;;덕곡소류지|35.2972366968006|127.05902030449593;;동산소류지|35.283817152189904|127.0453030283504;;평지소류지|35.280532488479004|127.05833877118937,3.5,25.1,48.1,26.7,게스트하우스펜션,"게스트하우스펜션 점수가 가장 높습니다 (관광명소 수 37, 공원 수 2 기준)"
217,전라남도 담양군 무정면 서흥리,2022,철거형,단독주택,미동의,도시과,2023-05-15,35.2962854290674,127.086567518196,정확(리 단위),무정면,2549,하,9/12위,37,0.14,1,1,1,무정초등학교,"노천저수지, 미륵골, 덕곡소류지, 동산소류지, 평지소류지",무정초등학교|35.2908583681781|127.040372030195,노천저수지|35.311855396179574|127.0298612928069;;미륵골|35.2980711545791|127.01602974722;;덕곡소류지|35.2972366968006|127.05902030449593;;동산소류지|35.283817152189904|127.0453030283504;;평지소류지|35.280532488479004|127.05833877118937,3.5,25.1,48.1,26.7,게스트하우스펜션,"게스트하우스펜션 점수가 가장 높습니다 (관광명소 수 37, 공원 수 2 기준)"
218,전라남도 담양군 무정면 정석리,2022,활용형,단독주택,미동의,도시과,2023-05-15,35.2895782133054,127.071970218459,정확(리 단위),무정면,2549,하,9/12위,37,0.14,1,1,1,무정초등학교,"노천저수지, 미륵골, 덕곡소류지, 동산소류지, 평지소류지",무정초등학교|35.2908583681781|127.040372030195,노천저수지|35.311855396179574|127.0298612928069;;미륵골|35.2980711545791|127.01602974722;;덕곡소류지|35.2972366968006|127.05902030449593;;동산소류지|35.283817152189904|127.0453030283504;;평지소류지|35.280532488479004|127.05833877118937,3.5,25.1,48.1,26.7,게스트하우스펜션,"게스트하우스펜션 점수가 가장 높습니다 (관광명소 수 37, 공원 수 2 기준)"
219,전라남도 담양군 무정면 정석리,2022,활용형,단독주택,미동의,도시과,2023-05-15,35.2895782133054,127.071970218459,정확(리 단위),무정면,2549,하,9/12위,37,0.14,1,1,1,무정초등학교,"노천저수지, 미륵골, 덕곡소류지, 동산소류지, 평지소류지",무정초등학교|35.2908583681781|127.040372030195,노천저수지|35.311855396179574|127.0298612928069;;미륵골|35.2980711545791|127.01602974722;;덕곡소류지|35.2972366968006|127.05902030449593;;동산소류지|35.283817152189904|127.0453030283504;;평지소류지|35.280532488479004|127.05833877118937,3.5,25.1,48.1,26.7,게스트하우스펜션,"게스트하우스펜션 점수가 가장 높습니다 (관광명소 수 37, 공원 수 2 기준)"
220,전라남도 담양군 무정면 오례리,2022,활용형,단독주택,미동의,도시과,2023-05-15,35.2623572769806,127.083801626151,정확(리 단위),무정면,2549,하,9/12위,37,0.14,1,1,1,무정초등학교,"노천저수지, 미륵골, 덕곡소류지, 동산소류지, 평지소류지",무정초등학교|35.2908583681781|127.040372030195,노천저수지|35.311855396179574|127.0298612928069;;미륵골|35.2980711545791|127.01602974722;;덕곡소류지|35.2972366968006|127.05902030449593;;동산소류지|35.283817152189904|127.0453030283504;;평지소류지|35.280532488479004|127.05833877118937,3.5,25.1,48.1,26.7,게스트하우스펜션,"게스트하우스펜션 점수가 가장 높습니다 (관광명소 수 37, 공원 수 2 기준)"
221,전라남도 담양군 무정면 오례리,2022,활용형,단독주택,미동의,도시과,2023-05-15,35.2623572769806,127.083801626151,정확(리 단위),무정면,2549,하,9/12위,37,0.14,1,1,1,무정초등학교,"노천저수지, 미륵골, 덕곡소류지, 동산소류지, 평지소류지",무정초등학교|35.2908583681781|127.040372030195,노천저수지|35.311855396179574|127.0298612928069;;미륵골|35.2980711545791|127.01602974722;;덕곡소류지|35.2972366968006|127.05902030449593;;동산소류지|35.283817152189904|127.0453030283504;;평지소류지|35.280532488479004|127.05833877118937,3.5,25.1,48.1,26.7,게스트하우스펜션,"게스트하우스펜션 점수가 가장 높습니다 (관광명소 수 37, 공원 수 2 기준)"
222,전라남도 담양군 무정면 오례리,2022,활용형,단독주택,미동의,도시과,2023-05-15,35.2623572769806,127.083801626151,정확(리 단위),무정면,2549,하,9/12위,37,0.14,1,1,1,무정초등학교,"노천저수지, 미륵골, 덕곡소류지, 동산소류지, 평지소류지",무정초등학교|35.2908583681781|127.040372030195,노천저수지|35.311855396179574|127.0298612928069;;미륵골|35.2980711545791|127.01602974722;;덕곡소류지|35.2972366968006|127.05902030449593;;동산소류지|35.283817152189904|127.0453030283504;;평지소류지|35.280532488479004|127.05833877118937,3.5,25.1,48.1,26.7,게스트하우스펜션,"게스트하우스펜션 점수가 가장 높습니다 (관광명소 수 37, 공원 수 2 기준)"
223,전라남도 담양군 무정면 오례리,2022,활용형,단독주택,미동의,도시과,2023-05-15,35.2623572769806,127.083801626151,정확(리 단위),무정면,2549,하,9/12위,37,0.14,1,1,1,무정초등학교,"노천저수지, 미륵골, 덕곡소류지, 동산소류지, 평지소류지",무정초등학교|35.2908583681781|127.040372030195,노천저수지|35.311855396179574|127.0298612928069;;미륵골|35.2980711545791|127.01602974722;;덕곡소류지|35.2972366968006|127.05902030449593;;동산소류지|35.283817152189904|127.0453030283504;;평지소류지|35.280532488479004|127.05833877118937,3.5,25.1,48.1,26.7,게스트하우스펜션,"게스트하우스펜션 점수가 가장 높습니다 (관광명소 수 37, 공원 수 2 기준)"
224,전라남도 담양군 금성면 원천리,2022,활용형,단독주택,미동의,도시과,2023-05-15,35.3515533827878,127.010433900904,정확(리 단위),금성면,2655,중,2/12위,52,0.53,2,1,1,"금성초등학교, 담양금성중학교","담양온천, 담양댐 인증센터, 메타세쿼이아길 인증센터, 메타세쿼이아랜드, 테테루테마파크",금성초등학교|35.3445316140235|127.025305850272;;담양금성중학교|35.3405015934757|127.021494164585,담양온천|35.3658967252799|127.025431354334;;담양댐 인증센터|35.3712708678319|127.018079995262;;메타세쿼이아길 인증센터|35.33409191544845|127.0177791322334;;메타세쿼이아랜드|35.3320063558634|127.016894361298;;테테루테마파크|35.3296583087966|127.017399809014,7.9,45.2,64.7,43.3,게스트하우스펜션,"게스트하우스펜션 점수가 가장 높습니다 (관광명소 수 52, 공원 수 5 기준)"
225,전라남도 담양군 금성면 석현리,2022,활용형,단독주택,미동의,도시과,2023-05-15,35.3431297410851,127.022256091102,정확(리 단위),금성면,2655,중,2/12위,52,0.53,2,1,1,"금성초등학교, 담양금성중학교","담양온천, 담양댐 인증센터, 메타세쿼이아길 인증센터, 메타세쿼이아랜드, 테테루테마파크",금성초등학교|35.3445316140235|127.025305850272;;담양금성중학교|35.3405015934757|127.021494164585,담양온천|35.3658967252799|127.025431354334;;담양댐 인증센터|35.3712708678319|127.018079995262;;메타세쿼이아길 인증센터|35.33409191544845|127.0177791322334;;메타세쿼이아랜드|35.3320063558634|127.016894361298;;테테루테마파크|35.3296583087966|127.017399809014,7.9,45.2,64.7,43.3,게스트하우스펜션,"게스트하우스펜션 점수가 가장 높습니다 (관광명소 수 52, 공원 수 5 기준)"
226,전라남도 담양군 금성면 석현리 산,2022,철거형,단독주택,미동의,도시과,2023-05-15,35.3434319472127,127.025503516025,근사(읍면 단위),금성면,2655,중,2/12위,52,0.53,2,1,1,"금성초등학교, 담양금성중학교","담양온천, 담양댐 인증센터, 메타세쿼이아길 인증센터, 메타세쿼이아랜드, 테테루테마파크",금성초등학교|35.3445316140235|127.025305850272;;담양금성중학교|35.3405015934757|127.021494164585,담양온천|35.3658967252799|127.025431354334;;담양댐 인증센터|35.3712708678319|127.018079995262;;메타세쿼이아길 인증센터|35.33409191544845|127.0177791322334;;메타세쿼이아랜드|35.3320063558634|127.016894361298;;테테루테마파크|35.3296583087966|127.017399809014,7.9,45.2,64.7,43.3,게스트하우스펜션,"게스트하우스펜션 점수가 가장 높습니다 (관광명소 수 52, 공원 수 5 기준)"
227,전라남도 담양군 금성면 대성리,2022,활용형,단독주택,미동의,도시과,2023-05-15,35.364546623897,127.013762984005,정확(리 단위),금성면,2655,중,2/12위,52,0.53,2,1,1,"금성초등학교, 담양금성중학교","담양온천, 담양댐 인증센터, 메타세쿼이아길 인증센터, 메타세쿼이아랜드, 테테루테마파크",금성초등학교|35.3445316140235|127.025305850272;;담양금성중학교|35.3405015934757|127.021494164585,담양온천|35.3658967252799|127.025431354334;;담양댐 인증센터|35.3712708678319|127.018079995262;;메타세쿼이아길 인증센터|35.33409191544845|127.0177791322334;;메타세쿼이아랜드|35.3320063558634|127.016894361298;;테테루테마파크|35.3296583087966|127.017399809014,7.9,45.2,64.7,43.3,게스트하우스펜션,"게스트하우스펜션 점수가 가장 높습니다 (관광명소 수 52, 공원 수 5 기준)"
228,전라남도 담양군 금성면 대성리,2022,활용형,단독주택,미동의,도시과,2023-05-15,35.364546623897,127.013762984005,정확(리 단위),금성면,2655,중,2/12위,52,0.53,2,1,1,"금성초등학교, 담양금성중학교","담양온천, 담양댐 인증센터, 메타세쿼이아길 인증센터, 메타세쿼이아랜드, 테테루테마파크",금성초등학교|35.3445316140235|127.025305850272;;담양금성중학교|35.3405015934757|127.021494164585,담양온천|35.3658967252799|127.025431354334;;담양댐 인증센터|35.3712708678319|127.018079995262;;메타세쿼이아길 인증센터|35.33409191544845|127.0177791322334;;메타세쿼이아랜드|35.3320063558634|127.016894361298;;테테루테마파크|35.3296583087966|127.017399809014,7.9,45.2,64.7,43.3,게스트하우스펜션,"게스트하우스펜션 점수가 가장 높습니다 (관광명소 수 52, 공원 수 5 기준)"
229,전라남도 담양군 금성면 원율리,2022,철거형,단독주택,미동의,도시과,2023-05-15,35.3584550668571,127.026740520995,정확(리 단위),금성면,2655,중,2/12위,52,0.53,2,1,1,"금성초등학교, 담양금성중학교","담양온천, 담양댐 인증센터, 메타세쿼이아길 인증센터, 메타세쿼이아랜드, 테테루테마파크",금성초등학교|35.3445316140235|127.025305850272;;담양금성중학교|35.3405015934757|127.021494164585,담양온천|35.3658967252799|127.025431354334;;담양댐 인증센터|35.3712708678319|127.018079995262;;메타세쿼이아길 인증센터|35.33409191544845|127.0177791322334;;메타세쿼이아랜드|35.3320063558634|127.016894361298;;테테루테마파크|35.3296583087966|127.017399809014,7.9,45.2,64.7,43.3,게스트하우스펜션,"게스트하우스펜션 점수가 가장 높습니다 (관광명소 수 52, 공원 수 5 기준)"
230,전라남도 담양군 금성면 원율리,2022,활용형,단독주택,미동의,도시과,2023-05-15,35.3584550668571,127.026740520995,정확(리 단위),금성면,2655,중,2/12위,52,0.53,2,1,1,"금성초등학교, 담양금성중학교","담양온천, 담양댐 인증센터, 메타세쿼이아길 인증센터, 메타세쿼이아랜드, 테테루테마파크",금성초등학교|35.3445316140235|127.025305850272;;담양금성중학교|35.3405015934757|127.021494164585,담양온천|35.3658967252799|127.025431354334;;담양댐 인증센터|35.3712708678319|127.018079995262;;메타세쿼이아길 인증센터|35.33409191544845|127.0177791322334;;메타세쿼이아랜드|35.3320063558634|127.016894361298;;테테루테마파크|35.3296583087966|127.017399809014,7.9,45.2,64.7,43.3,게스트하우스펜션,"게스트하우스펜션 점수가 가장 높습니다 (관광명소 수 52, 공원 수 5 기준)"
231,전라남도 담양군 금성면 원율리,2022,활용형,단독주택,미동의,도시과,2023-05-15,35.3584550668571,127.026740520995,정확(리 단위),금성면,2655,중,2/12위,52,0.53,2,1,1,"금성초등학교, 담양금성중학교","담양온천, 담양댐 인증센터, 메타세쿼이아길 인증센터, 메타세쿼이아랜드, 테테루테마파크",금성초등학교|35.3445316140235|127.025305850272;;담양금성중학교|35.3405015934757|127.021494164585,담양온천|35.3658967252799|127.025431354334;;담양댐 인증센터|35.3712708678319|127.018079995262;;메타세쿼이아길 인증센터|35.33409191544845|127.0177791322334;;메타세쿼이아랜드|35.3320063558634|127.016894361298;;테테루테마파크|35.3296583087966|127.017399809014,7.9,45.2,64.7,43.3,게스트하우스펜션,"게스트하우스펜션 점수가 가장 높습니다 (관광명소 수 52, 공원 수 5 기준)"
232,전라남도 담양군 금성면 금성리,2022,철거형,단독주택,미동의,도시과,2023-05-15,35.3692213653489,127.047528386428,정확(리 단위),금성면,2655,중,2/12위,52,0.53,2,1,1,"금성초등학교, 담양금성중학교","담양온천, 담양댐 인증센터, 메타세쿼이아길 인증센터, 메타세쿼이아랜드, 테테루테마파크",금성초등학교|35.3445316140235|127.025305850272;;담양금성중학교|35.3405015934757|127.021494164585,담양온천|35.3658967252799|127.025431354334;;담양댐 인증센터|35.3712708678319|127.018079995262;;메타세쿼이아길 인증센터|35.33409191544845|127.0177791322334;;메타세쿼이아랜드|35.3320063558634|127.016894361298;;테테루테마파크|35.3296583087966|127.017399809014,7.9,45.2,64.7,43.3,게스트하우스펜션,"게스트하우스펜션 점수가 가장 높습니다 (관광명소 수 52, 공원 수 5 기준)"
233,전라남도 담양군 금성면 덕성리,2022,활용형,단독주택,미동의,도시과,2023-05-15,35.3529101667588,127.057526033856,정확(리 단위),금성면,2655,중,2/12위,52,0.53,2,1,1,"금성초등학교, 담양금성중학교","담양온천, 담양댐 인증센터, 메타세쿼이아길 인증센터, 메타세쿼이아랜드, 테테루테마파크",금성초등학교|35.3445316140235|127.025305850272;;담양금성중학교|35.3405015934757|127.021494164585,담양온천|35.3658967252799|127.025431354334;;담양댐 인증센터|35.3712708678319|127.018079995262;;메타세쿼이아길 인증센터|35.33409191544845|127.0177791322334;;메타세쿼이아랜드|35.3320063558634|127.016894361298;;테테루테마파크|35.3296583087966|127.017399809014,7.9,45.2,64.7,43.3,게스트하우스펜션,"게스트하우스펜션 점수가 가장 높습니다 (관광명소 수 52, 공원 수 5 기준)"
234,전라남도 담양군 금성면 덕성리,2022,활용형,단독주택,미동의,도시과,2023-05-15,35.3529101667588,127.057526033856,정확(리 단위),금성면,2655,중,2/12위,52,0.53,2,1,1,"금성초등학교, 담양금성중학교","담양온천, 담양댐 인증센터, 메타세쿼이아길 인증센터, 메타세쿼이아랜드, 테테루테마파크",금성초등학교|35.3445316140235|127.025305850272;;담양금성중학교|35.3405015934757|127.021494164585,담양온천|35.3658967252799|127.025431354334;;담양댐 인증센터|35.3712708678319|127.018079995262;;메타세쿼이아길 인증센터|35.33409191544845|127.0177791322334;;메타세쿼이아랜드|35.3320063558634|127.016894361298;;테테루테마파크|35.3296583087966|127.017399809014,7.9,45.2,64.7,43.3,게스트하우스펜션,"게스트하우스펜션 점수가 가장 높습니다 (관광명소 수 52, 공원 수 5 기준)"
235,전라남도 담양군 금성면 덕성리,2022,활용형,단독주택,미동의,도시과,2023-05-15,35.3529101667588,127.057526033856,정확(리 단위),금성면,2655,중,2/12위,52,0.53,2,1,1,"금성초등학교, 담양금성중학교","담양온천, 담양댐 인증센터, 메타세쿼이아길 인증센터, 메타세쿼이아랜드, 테테루테마파크",금성초등학교|35.3445316140235|127.025305850272;;담양금성중학교|35.3405015934757|127.021494164585,담양온천|35.3658967252799|127.025431354334;;담양댐 인증센터|35.3712708678319|127.018079995262;;메타세쿼이아길 인증센터|35.33409191544845|127.0177791322334;;메타세쿼이아랜드|35.3320063558634|127.016894361298;;테테루테마파크|35.3296583087966|127.017399809014,7.9,45.2,64.7,43.3,게스트하우스펜션,"게스트하우스펜션 점수가 가장 높습니다 (관광명소 수 52, 공원 수 5 기준)"
236,전라남도 담양군 금성면 봉서리,2022,활용형,단독주택,미동의,도시과,2023-05-15,35.3405647100847,127.041998353323,정확(리 단위),금성면,2655,중,2/12위,52,0.53,2,1,1,"금성초등학교, 담양금성중학교","담양온천, 담양댐 인증센터, 메타세쿼이아길 인증센터, 메타세쿼이아랜드, 테테루테마파크",금성초등학교|35.3445316140235|127.025305850272;;담양금성중학교|35.3405015934757|127.021494164585,담양온천|35.3658967252799|127.025431354334;;담양댐 인증센터|35.3712708678319|127.018079995262;;메타세쿼이아길 인증센터|35.33409191544845|127.0177791322334;;메타세쿼이아랜드|35.3320063558634|127.016894361298;;테테루테마파크|35.3296583087966|127.017399809014,7.9,45.2,64.7,43.3,게스트하우스펜션,"게스트하우스펜션 점수가 가장 높습니다 (관광명소 수 52, 공원 수 5 기준)"
237,전라남도 담양군 금성면 봉서리,2022,활용형,단독주택,미동의,도시과,2023-05-15,35.3405647100847,127.041998353323,정확(리 단위),금성면,2655,중,2/12위,52,0.53,2,1,1,"금성초등학교, 담양금성중학교","담양온천, 담양댐 인증센터, 메타세쿼이아길 인증센터, 메타세쿼이아랜드, 테테루테마파크",금성초등학교|35.3445316140235|127.025305850272;;담양금성중학교|35.3405015934757|127.021494164585,담양온천|35.3658967252799|127.025431354334;;담양댐 인증센터|35.3712708678319|127.018079995262;;메타세쿼이아길 인증센터|35.33409191544845|127.0177791322334;;메타세쿼이아랜드|35.3320063558634|127.016894361298;;테테루테마파크|35.3296583087966|127.017399809014,7.9,45.2,64.7,43.3,게스트하우스펜션,"게스트하우스펜션 점수가 가장 높습니다 (관광명소 수 52, 공원 수 5 기준)"
238,전라남도 담양군 금성면 외추리,2022,활용형,단독주택,미동의,도시과,2023-05-15,35.3127935916654,127.026399992581,정확(리 단위),금성면,2655,중,2/12위,52,0.53,2,1,1,"금성초등학교, 담양금성중학교","담양온천, 담양댐 인증센터, 메타세쿼이아길 인증센터, 메타세쿼이아랜드, 테테루테마파크",금성초등학교|35.3445316140235|127.025305850272;;담양금성중학교|35.3405015934757|127.021494164585,담양온천|35.3658967252799|127.025431354334;;담양댐 인증센터|35.3712708678319|127.018079995262;;메타세쿼이아길 인증센터|35.33409191544845|127.0177791322334;;메타세쿼이아랜드|35.3320063558634|127.016894361298;;테테루테마파크|35.3296583087966|127.017399809014,7.9,45.2,64.7,43.3,게스트하우스펜션,"게스트하우스펜션 점수가 가장 높습니다 (관광명소 수 52, 공원 수 5 기준)"
239,전라남도 담양군 용면 두장리,2022,활용형,단독주택,미동의,도시과,2023-05-15,35.3543731349427,126.996158113829,정확(리 단위),용면,1813,중,5/12위,47,0.57,1,2,0,용면초등학교,"용마루길, 담양댐 인증센터, 담양호국민관광단지, 추월산, 담양호",용면초등학교|35.363707078904|126.991628741728,용마루길|35.4029006407896|126.999467185969;;담양댐 인증센터|35.3712708678319|127.018079995262;;담양호국민관광단지|35.4022228421624|126.998947591011;;추월산|35.39993381285393|126.97604186026425;;담양호|35.398751699949614|127.00600155635199,7.3,40.8,50.1,42.3,게스트하우스펜션,"게스트하우스펜션 점수가 가장 높습니다 (관광명소 수 47, 공원 수 0 기준)"
240,전라남도 담양군 용면 두장리,2022,활용형,단독주택,미동의,도시과,2023-05-15,35.3543731349427,126.996158113829,정확(리 단위),용면,1813,중,5/12위,47,0.57,1,2,0,용면초등학교,"용마루길, 담양댐 인증센터, 담양호국민관광단지, 추월산, 담양호",용면초등학교|35.363707078904|126.991628741728,용마루길|35.4029006407896|126.999467185969;;담양댐 인증센터|35.3712708678319|127.018079995262;;담양호국민관광단지|35.4022228421624|126.998947591011;;추월산|35.39993381285393|126.97604186026425;;담양호|35.398751699949614|127.00600155635199,7.3,40.8,50.1,42.3,게스트하우스펜션,"게스트하우스펜션 점수가 가장 높습니다 (관광명소 수 47, 공원 수 0 기준)"
241,전라남도 담양군 용면 두장리,2022,활용형,단독주택,미동의,도시과,2023-05-15,35.3543731349427,126.996158113829,정확(리 단위),용면,1813,중,5/12위,47,0.57,1,2,0,용면초등학교,"용마루길, 담양댐 인증센터, 담양호국민관광단지, 추월산, 담양호",용면초등학교|35.363707078904|126.991628741728,용마루길|35.4029006407896|126.999467185969;;담양댐 인증센터|35.3712708678319|127.018079995262;;담양호국민관광단지|35.4022228421624|126.998947591011;;추월산|35.39993381285393|126.97604186026425;;담양호|35.398751699949614|127.00600155635199,7.3,40.8,50.1,42.3,게스트하우스펜션,"게스트하우스펜션 점수가 가장 높습니다 (관광명소 수 47, 공원 수 0 기준)"
242,전라남도 담양군 용면 두장리,2022,활용형,단독주택,미동의,도시과,2023-05-15,35.3543731349427,126.996158113829,정확(리 단위),용면,1813,중,5/12위,47,0.57,1,2,0,용면초등학교,"용마루길, 담양댐 인증센터, 담양호국민관광단지, 추월산, 담양호",용면초등학교|35.363707078904|126.991628741728,용마루길|35.4029006407896|126.999467185969;;담양댐 인증센터|35.3712708678319|127.018079995262;;담양호국민관광단지|35.4022228421624|126.998947591011;;추월산|35.39993381285393|126.97604186026425;;담양호|35.398751699949614|127.00600155635199,7.3,40.8,50.1,42.3,게스트하우스펜션,"게스트하우스펜션 점수가 가장 높습니다 (관광명소 수 47, 공원 수 0 기준)"
243,전라남도 담양군 용면 두장리,2022,활용형,단독주택,미동의,도시과,2023-05-15,35.3543731349427,126.996158113829,정확(리 단위),용면,1813,중,5/12위,47,0.57,1,2,0,용면초등학교,"용마루길, 담양댐 인증센터, 담양호국민관광단지, 추월산, 담양호",용면초등학교|35.363707078904|126.991628741728,용마루길|35.4029006407896|126.999467185969;;담양댐 인증센터|35.3712708678319|127.018079995262;;담양호국민관광단지|35.4022228421624|126.998947591011;;추월산|35.39993381285393|126.97604186026425;;담양호|35.398751699949614|127.00600155635199,7.3,40.8,50.1,42.3,게스트하우스펜션,"게스트하우스펜션 점수가 가장 높습니다 (관광명소 수 47, 공원 수 0 기준)"
244,전라남도 담양군 용면 통천리,2022,활용형,단독주택,미동의,도시과,2023-05-15,35.3559075727857,126.981019051088,정확(리 단위),용면,1813,중,5/12위,47,0.57,1,2,0,용면초등학교,"용마루길, 담양댐 인증센터, 담양호국민관광단지, 추월산, 담양호",용면초등학교|35.363707078904|126.991628741728,용마루길|35.4029006407896|126.999467185969;;담양댐 인증센터|35.3712708678319|127.018079995262;;담양호국민관광단지|35.4022228421624|126.998947591011;;추월산|35.39993381285393|126.97604186026425;;담양호|35.398751699949614|127.00600155635199,7.3,40.8,50.1,42.3,게스트하우스펜션,"게스트하우스펜션 점수가 가장 높습니다 (관광명소 수 47, 공원 수 0 기준)"
245,전라남도 담양군 용면 통천리,2022,활용형,단독주택,동의,도시과,2023-05-15,35.3559075727857,126.981019051088,정확(리 단위),용면,1813,중,5/12위,47,0.57,1,2,0,용면초등학교,"용마루길, 담양댐 인증센터, 담양호국민관광단지, 추월산, 담양호",용면초등학교|35.363707078904|126.991628741728,용마루길|35.4029006407896|126.999467185969;;담양댐 인증센터|35.3712708678319|127.018079995262;;담양호국민관광단지|35.4022228421624|126.998947591011;;추월산|35.39993381285393|126.97604186026425;;담양호|35.398751699949614|127.00600155635199,7.3,40.8,50.1,42.3,게스트하우스펜션,"게스트하우스펜션 점수가 가장 높습니다 (관광명소 수 47, 공원 수 0 기준)"
246,전라남도 담양군 용면 통천리,2022,활용형,단독주택,미동의,도시과,2023-05-15,35.3559075727857,126.981019051088,정확(리 단위),용면,1813,중,5/12위,47,0.57,1,2,0,용면초등학교,"용마루길, 담양댐 인증센터, 담양호국민관광단지, 추월산, 담양호",용면초등학교|35.363707078904|126.991628741728,용마루길|35.4029006407896|126.999467185969;;담양댐 인증센터|35.3712708678319|127.018079995262;;담양호국민관광단지|35.4022228421624|126.998947591011;;추월산|35.39993381285393|126.97604186026425;;담양호|35.398751699949614|127.00600155635199,7.3,40.8,50.1,42.3,게스트하우스펜션,"게스트하우스펜션 점수가 가장 높습니다 (관광명소 수 47, 공원 수 0 기준)"
247,전라남도 담양군 용면 통천리,2022,활용형,단독주택,미동의,도시과,2023-05-15,35.3559075727857,126.981019051088,정확(리 단위),용면,1813,중,5/12위,47,0.57,1,2,0,용면초등학교,"용마루길, 담양댐 인증센터, 담양호국민관광단지, 추월산, 담양호",용면초등학교|35.363707078904|126.991628741728,용마루길|35.4029006407896|126.999467185969;;담양댐 인증센터|35.3712708678319|127.018079995262;;담양호국민관광단지|35.4022228421624|126.998947591011;;추월산|35.39993381285393|126.97604186026425;;담양호|35.398751699949614|127.00600155635199,7.3,40.8,50.1,42.3,게스트하우스펜션,"게스트하우스펜션 점수가 가장 높습니다 (관광명소 수 47, 공원 수 0 기준)"
248,전라남도 담양군 용면 통천리,2022,활용형,단독주택,미동의,도시과,2023-05-15,35.3559075727857,126.981019051088,정확(리 단위),용면,1813,중,5/12위,47,0.57,1,2,0,용면초등학교,"용마루길, 담양댐 인증센터, 담양호국민관광단지, 추월산, 담양호",용면초등학교|35.363707078904|126.991628741728,용마루길|35.4029006407896|126.999467185969;;담양댐 인증센터|35.3712708678319|127.018079995262;;담양호국민관광단지|35.4022228421624|126.998947591011;;추월산|35.39993381285393|126.97604186026425;;담양호|35.398751699949614|127.00600155635199,7.3,40.8,50.1,42.3,게스트하우스펜션,"게스트하우스펜션 점수가 가장 높습니다 (관광명소 수 47, 공원 수 0 기준)"
249,전라남도 담양군 용면 통천리,2022,활용형,단독주택,미동의,도시과,2023-05-15,35.3559075727857,126.981019051088,정확(리 단위),용면,1813,중,5/12위,47,0.57,1,2,0,용면초등학교,"용마루길, 담양댐 인증센터, 담양호국민관광단지, 추월산, 담양호",용면초등학교|35.363707078904|126.991628741728,용마루길|35.4029006407896|126.999467185969;;담양댐 인증센터|35.3712708678319|127.018079995262;;담양호국민관광단지|35.4022228421624|126.998947591011;;추월산|35.39993381285393|126.97604186026425;;담양호|35.398751699949614|127.00600155635199,7.3,40.8,50.1,42.3,게스트하우스펜션,"게스트하우스펜션 점수가 가장 높습니다 (관광명소 수 47, 공원 수 0 기준)"
250,전라남도 담양군 용면 추성리 산,2022,활용형,단독주택,미동의,도시과,2023-05-15,35.3649505556585,126.987491335017,근사(읍면 단위),용면,1813,중,5/12위,47,0.57,1,2,0,용면초등학교,"용마루길, 담양댐 인증센터, 담양호국민관광단지, 추월산, 담양호",용면초등학교|35.363707078904|126.991628741728,용마루길|35.4029006407896|126.999467185969;;담양댐 인증센터|35.3712708678319|127.018079995262;;담양호국민관광단지|35.4022228421624|126.998947591011;;추월산|35.39993381285393|126.97604186026425;;담양호|35.398751699949614|127.00600155635199,7.3,40.8,50.1,42.3,게스트하우스펜션,"게스트하우스펜션 점수가 가장 높습니다 (관광명소 수 47, 공원 수 0 기준)"
251,전라남도 담양군 용면 쌍태리,2022,활용형,단독주택,미동의,도시과,2023-05-15,35.3835624501847,126.97320277022,정확(리 단위),용면,1813,중,5/12위,47,0.57,1,2,0,용면초등학교,"용마루길, 담양댐 인증센터, 담양호국민관광단지, 추월산, 담양호",용면초등학교|35.363707078904|126.991628741728,용마루길|35.4029006407896|126.999467185969;;담양댐 인증센터|35.3712708678319|127.018079995262;;담양호국민관광단지|35.4022228421624|126.998947591011;;추월산|35.39993381285393|126.97604186026425;;담양호|35.398751699949614|127.00600155635199,7.3,40.8,50.1,42.3,게스트하우스펜션,"게스트하우스펜션 점수가 가장 높습니다 (관광명소 수 47, 공원 수 0 기준)"
252,전라남도 담양군 용면 쌍태리,2022,활용형,단독주택,미동의,도시과,2023-05-15,35.3835624501847,126.97320277022,정확(리 단위),용면,1813,중,5/12위,47,0.57,1,2,0,용면초등학교,"용마루길, 담양댐 인증센터, 담양호국민관광단지, 추월산, 담양호",용면초등학교|35.363707078904|126.991628741728,용마루길|35.4029006407896|126.999467185969;;담양댐 인증센터|35.3712708678319|127.018079995262;;담양호국민관광단지|35.4022228421624|126.998947591011;;추월산|35.39993381285393|126.97604186026425;;담양호|35.398751699949614|127.00600155635199,7.3,40.8,50.1,42.3,게스트하우스펜션,"게스트하우스펜션 점수가 가장 높습니다 (관광명소 수 47, 공원 수 0 기준)"
253,전라남도 담양군 용면 쌍태리,2022,활용형,단독주택,미동의,도시과,2023-05-15,35.3835624501847,126.97320277022,정확(리 단위),용면,1813,중,5/12위,47,0.57,1,2,0,용면초등학교,"용마루길, 담양댐 인증센터, 담양호국민관광단지, 추월산, 담양호",용면초등학교|35.363707078904|126.991628741728,용마루길|35.4029006407896|126.999467185969;;담양댐 인증센터|35.3712708678319|127.018079995262;;담양호국민관광단지|35.4022228421624|126.998947591011;;추월산|35.39993381285393|126.97604186026425;;담양호|35.398751699949614|127.00600155635199,7.3,40.8,50.1,42.3,게스트하우스펜션,"게스트하우스펜션 점수가 가장 높습니다 (관광명소 수 47, 공원 수 0 기준)"
254,전라남도 담양군 용면 쌍태리,2022,활용형,단독주택,동의,도시과,2023-05-15,35.3835624501847,126.97320277022,정확(리 단위),용면,1813,중,5/12위,47,0.57,1,2,0,용면초등학교,"용마루길, 담양댐 인증센터, 담양호국민관광단지, 추월산, 담양호",용면초등학교|35.363707078904|126.991628741728,용마루길|35.4029006407896|126.999467185969;;담양댐 인증센터|35.3712708678319|127.018079995262;;담양호국민관광단지|35.4022228421624|126.998947591011;;추월산|35.39993381285393|126.97604186026425;;담양호|35.398751699949614|127.00600155635199,7.3,40.8,50.1,42.3,게스트하우스펜션,"게스트하우스펜션 점수가 가장 높습니다 (관광명소 수 47, 공원 수 0 기준)"
255,전라남도 담양군 용면 도림리,2022,활용형,단독주택,미동의,도시과,2023-05-15,35.3869890335619,127.018569984549,정확(리 단위),용면,1813,중,5/12위,47,0.57,1,2,0,용면초등학교,"용마루길, 담양댐 인증센터, 담양호국민관광단지, 추월산, 담양호",용면초등학교|35.363707078904|126.991628741728,용마루길|35.4029006407896|126.999467185969;;담양댐 인증센터|35.3712708678319|127.018079995262;;담양호국민관광단지|35.4022228421624|126.998947591011;;추월산|35.39993381285393|126.97604186026425;;담양호|35.398751699949614|127.00600155635199,7.3,40.8,50.1,42.3,게스트하우스펜션,"게스트하우스펜션 점수가 가장 높습니다 (관광명소 수 47, 공원 수 0 기준)"
256,전라남도 담양군 용면 월계리,2022,활용형,단독주택,미동의,도시과,2023-05-15,35.4021505718533,126.993610694232,정확(리 단위),용면,1813,중,5/12위,47,0.57,1,2,0,용면초등학교,"용마루길, 담양댐 인증센터, 담양호국민관광단지, 추월산, 담양호",용면초등학교|35.363707078904|126.991628741728,용마루길|35.4029006407896|126.999467185969;;담양댐 인증센터|35.3712708678319|127.018079995262;;담양호국민관광단지|35.4022228421624|126.998947591011;;추월산|35.39993381285393|126.97604186026425;;담양호|35.398751699949614|127.00600155635199,7.3,40.8,50.1,42.3,게스트하우스펜션,"게스트하우스펜션 점수가 가장 높습니다 (관광명소 수 47, 공원 수 0 기준)"
257,전라남도 담양군 용면 용연리,2022,활용형,단독주택,미동의,도시과,2023-05-15,35.4314876302595,127.026562013416,정확(리 단위),용면,1813,중,5/12위,47,0.57,1,2,0,용면초등학교,"용마루길, 담양댐 인증센터, 담양호국민관광단지, 추월산, 담양호",용면초등학교|35.363707078904|126.991628741728,용마루길|35.4029006407896|126.999467185969;;담양댐 인증센터|35.3712708678319|127.018079995262;;담양호국민관광단지|35.4022228421624|126.998947591011;;추월산|35.39993381285393|126.97604186026425;;담양호|35.398751699949614|127.00600155635199,7.3,40.8,50.1,42.3,게스트하우스펜션,"게스트하우스펜션 점수가 가장 높습니다 (관광명소 수 47, 공원 수 0 기준)"
258,전라남도 담양군 용면 용연리,2022,철거형,단독주택,미동의,도시과,2023-05-15,35.4314876302595,127.026562013416,정확(리 단위),용면,1813,중,5/12위,47,0.57,1,2,0,용면초등학교,"용마루길, 담양댐 인증센터, 담양호국민관광단지, 추월산, 담양호",용면초등학교|35.363707078904|126.991628741728,용마루길|35.4029006407896|126.999467185969;;담양댐 인증센터|35.3712708678319|127.018079995262;;담양호국민관광단지|35.4022228421624|126.998947591011;;추월산|35.39993381285393|126.97604186026425;;담양호|35.398751699949614|127.00600155635199,7.3,40.8,50.1,42.3,게스트하우스펜션,"게스트하우스펜션 점수가 가장 높습니다 (관광명소 수 47, 공원 수 0 기준)"
259,전라남도 담양군 용면 용연리,2022,활용형,단독주택,미동의,도시과,2023-05-15,35.4314876302595,127.026562013416,정확(리 단위),용면,1813,중,5/12위,47,0.57,1,2,0,용면초등학교,"용마루길, 담양댐 인증센터, 담양호국민관광단지, 추월산, 담양호",용면초등학교|35.363707078904|126.991628741728,용마루길|35.4029006407896|126.999467185969;;담양댐 인증센터|35.3712708678319|127.018079995262;;담양호국민관광단지|35.4022228421624|126.998947591011;;추월산|35.39993381285393|126.97604186026425;;담양호|35.398751699949614|127.00600155635199,7.3,40.8,50.1,42.3,게스트하우스펜션,"게스트하우스펜션 점수가 가장 높습니다 (관광명소 수 47, 공원 수 0 기준)"
260,전라남도 담양군 용면 용연리,2022,활용형,단독주택,미동의,도시과,2023-05-15,35.4314876302595,127.026562013416,정확(리 단위),용면,1813,중,5/12위,47,0.57,1,2,0,용면초등학교,"용마루길, 담양댐 인증센터, 담양호국민관광단지, 추월산, 담양호",용면초등학교|35.363707078904|126.991628741728,용마루길|35.4029006407896|126.999467185969;;담양댐 인증센터|35.3712708678319|127.018079995262;;담양호국민관광단지|35.4022228421624|126.998947591011;;추월산|35.39993381285393|126.97604186026425;;담양호|35.398751699949614|127.00600155635199,7.3,40.8,50.1,42.3,게스트하우스펜션,"게스트하우스펜션 점수가 가장 높습니다 (관광명소 수 47, 공원 수 0 기준)"
261,전라남도 담양군 용면 용연리,2022,활용형,단독주택,미동의,도시과,2023-05-15,35.4314876302595,127.026562013416,정확(리 단위),용면,1813,중,5/12위,47,0.57,1,2,0,용면초등학교,"용마루길, 담양댐 인증센터, 담양호국민관광단지, 추월산, 담양호",용면초등학교|35.363707078904|126.991628741728,용마루길|35.4029006407896|126.999467185969;;담양댐 인증센터|35.3712708678319|127.018079995262;;담양호국민관광단지|35.4022228421624|126.998947591011;;추월산|35.39993381285393|126.97604186026425;;담양호|35.398751699949614|127.00600155635199,7.3,40.8,50.1,42.3,게스트하우스펜션,"게스트하우스펜션 점수가 가장 높습니다 (관광명소 수 47, 공원 수 0 기준)"
262,전라남도 담양군 용면 용연리,2022,활용형,단독주택,미동의,도시과,2023-05-15,35.4314876302595,127.026562013416,정확(리 단위),용면,1813,중,5/12위,47,0.57,1,2,0,용면초등학교,"용마루길, 담양댐 인증센터, 담양호국민관광단지, 추월산, 담양호",용면초등학교|35.363707078904|126.991628741728,용마루길|35.4029006407896|126.999467185969;;담양댐 인증센터|35.3712708678319|127.018079995262;;담양호국민관광단지|35.4022228421624|126.998947591011;;추월산|35.39993381285393|126.97604186026425;;담양호|35.398751699949614|127.00600155635199,7.3,40.8,50.1,42.3,게스트하우스펜션,"게스트하우스펜션 점수가 가장 높습니다 (관광명소 수 47, 공원 수 0 기준)"
263,전라남도 담양군 월산면 월산리,2022,활용형,단독주택,미동의,도시과,2023-05-15,35.353511466078,126.958082959898,정확(리 단위),월산면,2419,중,3/12위,55,0.21,1,1,1,월산초등학교,"매월저수지, 오성제, 월평제, 광암제, 광덕제",월산초등학교|35.3407205378836|126.950578689912,매월저수지|35.35690336279316|126.97990538450648;;오성제|35.37181648675116|126.9665039152575;;월평제|35.35393724795399|126.94156558074414;;광암제|35.386620335021966|126.94963718261468;;광덕제|35.37318005291048|126.9461560022107,3.2,43.8,61.5,44.6,게스트하우스펜션,"게스트하우스펜션 점수가 가장 높습니다 (관광명소 수 55, 공원 수 2 기준)"
264,전라남도 담양군 월산면 월산리,2022,활용형,단독주택,미동의,도시과,2023-05-15,35.353511466078,126.958082959898,정확(리 단위),월산면,2419,중,3/12위,55,0.21,1,1,1,월산초등학교,"매월저수지, 오성제, 월평제, 광암제, 광덕제",월산초등학교|35.3407205378836|126.950578689912,매월저수지|35.35690336279316|126.97990538450648;;오성제|35.37181648675116|126.9665039152575;;월평제|35.35393724795399|126.94156558074414;;광암제|35.386620335021966|126.94963718261468;;광덕제|35.37318005291048|126.9461560022107,3.2,43.8,61.5,44.6,게스트하우스펜션,"게스트하우스펜션 점수가 가장 높습니다 (관광명소 수 55, 공원 수 2 기준)"
265,전라남도 담양군 월산면 월산리,2022,활용형,단독주택,미동의,도시과,2023-05-15,35.353511466078,126.958082959898,정확(리 단위),월산면,2419,중,3/12위,55,0.21,1,1,1,월산초등학교,"매월저수지, 오성제, 월평제, 광암제, 광덕제",월산초등학교|35.3407205378836|126.950578689912,매월저수지|35.35690336279316|126.97990538450648;;오성제|35.37181648675116|126.9665039152575;;월평제|35.35393724795399|126.94156558074414;;광암제|35.386620335021966|126.94963718261468;;광덕제|35.37318005291048|126.9461560022107,3.2,43.8,61.5,44.6,게스트하우스펜션,"게스트하우스펜션 점수가 가장 높습니다 (관광명소 수 55, 공원 수 2 기준)"
266,전라남도 담양군 월산면 월산리,2022,활용형,단독주택,미동의,도시과,2023-05-15,35.353511466078,126.958082959898,정확(리 단위),월산면,2419,중,3/12위,55,0.21,1,1,1,월산초등학교,"매월저수지, 오성제, 월평제, 광암제, 광덕제",월산초등학교|35.3407205378836|126.950578689912,매월저수지|35.35690336279316|126.97990538450648;;오성제|35.37181648675116|126.9665039152575;;월평제|35.35393724795399|126.94156558074414;;광암제|35.386620335021966|126.94963718261468;;광덕제|35.37318005291048|126.9461560022107,3.2,43.8,61.5,44.6,게스트하우스펜션,"게스트하우스펜션 점수가 가장 높습니다 (관광명소 수 55, 공원 수 2 기준)"
267,전라남도 담양군 월산면 월평리,2022,활용형,단독주택,미동의,도시과,2023-05-15,35.3539381793396,126.943525019203,정확(리 단위),월산면,2419,중,3/12위,55,0.21,1,1,1,월산초등학교,"매월저수지, 오성제, 월평제, 광암제, 광덕제",월산초등학교|35.3407205378836|126.950578689912,매월저수지|35.35690336279316|126.97990538450648;;오성제|35.37181648675116|126.9665039152575;;월평제|35.35393724795399|126.94156558074414;;광암제|35.386620335021966|126.94963718261468;;광덕제|35.37318005291048|126.9461560022107,3.2,43.8,61.5,44.6,게스트하우스펜션,"게스트하우스펜션 점수가 가장 높습니다 (관광명소 수 55, 공원 수 2 기준)"
268,전라남도 담양군 월산면 중월리,2022,활용형,단독주택,미동의,도시과,2023-05-15,35.3408022781628,126.926901975515,정확(리 단위),월산면,2419,중,3/12위,55,0.21,1,1,1,월산초등학교,"매월저수지, 오성제, 월평제, 광암제, 광덕제",월산초등학교|35.3407205378836|126.950578689912,매월저수지|35.35690336279316|126.97990538450648;;오성제|35.37181648675116|126.9665039152575;;월평제|35.35393724795399|126.94156558074414;;광암제|35.386620335021966|126.94963718261468;;광덕제|35.37318005291048|126.9461560022107,3.2,43.8,61.5,44.6,게스트하우스펜션,"게스트하우스펜션 점수가 가장 높습니다 (관광명소 수 55, 공원 수 2 기준)"
269,전라남도 담양군 월산면 중월리,2022,철거형,단독주택,미동의,도시과,2023-05-15,35.3408022781628,126.926901975515,정확(리 단위),월산면,2419,중,3/12위,55,0.21,1,1,1,월산초등학교,"매월저수지, 오성제, 월평제, 광암제, 광덕제",월산초등학교|35.3407205378836|126.950578689912,매월저수지|35.35690336279316|126.97990538450648;;오성제|35.37181648675116|126.9665039152575;;월평제|35.35393724795399|126.94156558074414;;광암제|35.386620335021966|126.94963718261468;;광덕제|35.37318005291048|126.9461560022107,3.2,43.8,61.5,44.6,게스트하우스펜션,"게스트하우스펜션 점수가 가장 높습니다 (관광명소 수 55, 공원 수 2 기준)"
270,전라남도 담양군 월산면 중월리,2022,활용형,단독주택,미동의,도시과,2023-05-15,35.3408022781628,126.926901975515,정확(리 단위),월산면,2419,중,3/12위,55,0.21,1,1,1,월산초등학교,"매월저수지, 오성제, 월평제, 광암제, 광덕제",월산초등학교|35.3407205378836|126.950578689912,매월저수지|35.35690336279316|126.97990538450648;;오성제|35.37181648675116|126.9665039152575;;월평제|35.35393724795399|126.94156558074414;;광암제|35.386620335021966|126.94963718261468;;광덕제|35.37318005291048|126.9461560022107,3.2,43.8,61.5,44.6,게스트하우스펜션,"게스트하우스펜션 점수가 가장 높습니다 (관광명소 수 55, 공원 수 2 기준)"
271,전라남도 담양군 월산면 중월리,2022,활용형,단독주택,미동의,도시과,2023-05-15,35.3408022781628,126.926901975515,정확(리 단위),월산면,2419,중,3/12위,55,0.21,1,1,1,월산초등학교,"매월저수지, 오성제, 월평제, 광암제, 광덕제",월산초등학교|35.3407205378836|126.950578689912,매월저수지|35.35690336279316|126.97990538450648;;오성제|35.37181648675116|126.9665039152575;;월평제|35.35393724795399|126.94156558074414;;광암제|35.386620335021966|126.94963718261468;;광덕제|35.37318005291048|126.9461560022107,3.2,43.8,61.5,44.6,게스트하우스펜션,"게스트하우스펜션 점수가 가장 높습니다 (관광명소 수 55, 공원 수 2 기준)"
272,전라남도 담양군 월산면 용흥리,2022,활용형,단독주택,미동의,도시과,2023-05-15,35.3465243629956,126.893506901233,정확(리 단위),월산면,2419,중,3/12위,55,0.21,1,1,1,월산초등학교,"매월저수지, 오성제, 월평제, 광암제, 광덕제",월산초등학교|35.3407205378836|126.950578689912,매월저수지|35.35690336279316|126.97990538450648;;오성제|35.37181648675116|126.9665039152575;;월평제|35.35393724795399|126.94156558074414;;광암제|35.386620335021966|126.94963718261468;;광덕제|35.37318005291048|126.9461560022107,3.2,43.8,61.5,44.6,게스트하우스펜션,"게스트하우스펜션 점수가 가장 높습니다 (관광명소 수 55, 공원 수 2 기준)"
273,전라남도 담양군 월산면 용암리,2022,활용형,단독주택,미동의,도시과,2023-05-15,35.3820587712721,126.93467443891,정확(리 단위),월산면,2419,중,3/12위,55,0.21,1,1,1,월산초등학교,"매월저수지, 오성제, 월평제, 광암제, 광덕제",월산초등학교|35.3407205378836|126.950578689912,매월저수지|35.35690336279316|126.97990538450648;;오성제|35.37181648675116|126.9665039152575;;월평제|35.35393724795399|126.94156558074414;;광암제|35.386620335021966|126.94963718261468;;광덕제|35.37318005291048|126.9461560022107,3.2,43.8,61.5,44.6,게스트하우스펜션,"게스트하우스펜션 점수가 가장 높습니다 (관광명소 수 55, 공원 수 2 기준)"
274,전라남도 담양군 월산면 용암리,2022,철거형,단독주택,미동의,도시과,2023-05-15,35.3820587712721,126.93467443891,정확(리 단위),월산면,2419,중,3/12위,55,0.21,1,1,1,월산초등학교,"매월저수지, 오성제, 월평제, 광암제, 광덕제",월산초등학교|35.3407205378836|126.950578689912,매월저수지|35.35690336279316|126.97990538450648;;오성제|35.37181648675116|126.9665039152575;;월평제|35.35393724795399|126.94156558074414;;광암제|35.386620335021966|126.94963718261468;;광덕제|35.37318005291048|126.9461560022107,3.2,43.8,61.5,44.6,게스트하우스펜션,"게스트하우스펜션 점수가 가장 높습니다 (관광명소 수 55, 공원 수 2 기준)"
275,전라남도 담양군 월산면 용암리,2022,활용형,단독주택,미동의,도시과,2023-05-15,35.3820587712721,126.93467443891,정확(리 단위),월산면,2419,중,3/12위,55,0.21,1,1,1,월산초등학교,"매월저수지, 오성제, 월평제, 광암제, 광덕제",월산초등학교|35.3407205378836|126.950578689912,매월저수지|35.35690336279316|126.97990538450648;;오성제|35.37181648675116|126.9665039152575;;월평제|35.35393724795399|126.94156558074414;;광암제|35.386620335021966|126.94963718261468;;광덕제|35.37318005291048|126.9461560022107,3.2,43.8,61.5,44.6,게스트하우스펜션,"게스트하우스펜션 점수가 가장 높습니다 (관광명소 수 55, 공원 수 2 기준)"
276,전라남도 담양군 월산면 용암리,2022,철거형,단독주택,미동의,도시과,2023-05-15,35.3820587712721,126.93467443891,정확(리 단위),월산면,2419,중,3/12위,55,0.21,1,1,1,월산초등학교,"매월저수지, 오성제, 월평제, 광암제, 광덕제",월산초등학교|35.3407205378836|126.950578689912,매월저수지|35.35690336279316|126.97990538450648;;오성제|35.37181648675116|126.9665039152575;;월평제|35.35393724795399|126.94156558074414;;광암제|35.386620335021966|126.94963718261468;;광덕제|35.37318005291048|126.9461560022107,3.2,43.8,61.5,44.6,게스트하우스펜션,"게스트하우스펜션 점수가 가장 높습니다 (관광명소 수 55, 공원 수 2 기준)"
277,전라남도 담양군 월산면 용암리,2022,활용형,단독주택,미동의,도시과,2023-05-15,35.3820587712721,126.93467443891,정확(리 단위),월산면,2419,중,3/12위,55,0.21,1,1,1,월산초등학교,"매월저수지, 오성제, 월평제, 광암제, 광덕제",월산초등학교|35.3407205378836|126.950578689912,매월저수지|35.35690336279316|126.97990538450648;;오성제|35.37181648675116|126.9665039152575;;월평제|35.35393724795399|126.94156558074414;;광암제|35.386620335021966|126.94963718261468;;광덕제|35.37318005291048|126.9461560022107,3.2,43.8,61.5,44.6,게스트하우스펜션,"게스트하우스펜션 점수가 가장 높습니다 (관광명소 수 55, 공원 수 2 기준)"
278,전라남도 담양군 월산면 신계리,2022,활용형,단독주택,미동의,도시과,2023-05-15,35.3746079326532,126.913797911142,정확(리 단위),월산면,2419,중,3/12위,55,0.21,1,1,1,월산초등학교,"매월저수지, 오성제, 월평제, 광암제, 광덕제",월산초등학교|35.3407205378836|126.950578689912,매월저수지|35.35690336279316|126.97990538450648;;오성제|35.37181648675116|126.9665039152575;;월평제|35.35393724795399|126.94156558074414;;광암제|35.386620335021966|126.94963718261468;;광덕제|35.37318005291048|126.9461560022107,3.2,43.8,61.5,44.6,게스트하우스펜션,"게스트하우스펜션 점수가 가장 높습니다 (관광명소 수 55, 공원 수 2 기준)"
279,전라남도 담양군 월산면 신계리,2022,활용형,단독주택,미동의,도시과,2023-05-15,35.3746079326532,126.913797911142,정확(리 단위),월산면,2419,중,3/12위,55,0.21,1,1,1,월산초등학교,"매월저수지, 오성제, 월평제, 광암제, 광덕제",월산초등학교|35.3407205378836|126.950578689912,매월저수지|35.35690336279316|126.97990538450648;;오성제|35.37181648675116|126.9665039152575;;월평제|35.35393724795399|126.94156558074414;;광암제|35.386620335021966|126.94963718261468;;광덕제|35.37318005291048|126.9461560022107,3.2,43.8,61.5,44.6,게스트하우스펜션,"게스트하우스펜션 점수가 가장 높습니다 (관광명소 수 55, 공원 수 2 기준)"
280,전라남도 담양군 월산면 광암리,2022,활용형,단독주택,미동의,도시과,2023-05-15,35.3816782914594,126.953974286721,정확(리 단위),월산면,2419,중,3/12위,55,0.21,1,1,1,월산초등학교,"매월저수지, 오성제, 월평제, 광암제, 광덕제",월산초등학교|35.3407205378836|126.950578689912,매월저수지|35.35690336279316|126.97990538450648;;오성제|35.37181648675116|126.9665039152575;;월평제|35.35393724795399|126.94156558074414;;광암제|35.386620335021966|126.94963718261468;;광덕제|35.37318005291048|126.9461560022107,3.2,43.8,61.5,44.6,게스트하우스펜션,"게스트하우스펜션 점수가 가장 높습니다 (관광명소 수 55, 공원 수 2 기준)"
281,전라남도 담양군 월산면 광암리,2022,활용형,단독주택,미동의,도시과,2023-05-15,35.3816782914594,126.953974286721,정확(리 단위),월산면,2419,중,3/12위,55,0.21,1,1,1,월산초등학교,"매월저수지, 오성제, 월평제, 광암제, 광덕제",월산초등학교|35.3407205378836|126.950578689912,매월저수지|35.35690336279316|126.97990538450648;;오성제|35.37181648675116|126.9665039152575;;월평제|35.35393724795399|126.94156558074414;;광암제|35.386620335021966|126.94963718261468;;광덕제|35.37318005291048|126.9461560022107,3.2,43.8,61.5,44.6,게스트하우스펜션,"게스트하우스펜션 점수가 가장 높습니다 (관광명소 수 55, 공원 수 2 기준)"
282,전라남도 담양군 월산면 광암리,2022,활용형,단독주택,미동의,도시과,2023-05-15,35.3816782914594,126.953974286721,정확(리 단위),월산면,2419,중,3/12위,55,0.21,1,1,1,월산초등학교,"매월저수지, 오성제, 월평제, 광암제, 광덕제",월산초등학교|35.3407205378836|126.950578689912,매월저수지|35.35690336279316|126.97990538450648;;오성제|35.37181648675116|126.9665039152575;;월평제|35.35393724795399|126.94156558074414;;광암제|35.386620335021966|126.94963718261468;;광덕제|35.37318005291048|126.9461560022107,3.2,43.8,61.5,44.6,게스트하우스펜션,"게스트하우스펜션 점수가 가장 높습니다 (관광명소 수 55, 공원 수 2 기준)"
283,전라남도 담양군 월산면 광암리,2022,활용형,단독주택,미동의,도시과,2023-05-15,35.3816782914594,126.953974286721,정확(리 단위),월산면,2419,중,3/12위,55,0.21,1,1,1,월산초등학교,"매월저수지, 오성제, 월평제, 광암제, 광덕제",월산초등학교|35.3407205378836|126.950578689912,매월저수지|35.35690336279316|126.97990538450648;;오성제|35.37181648675116|126.9665039152575;;월평제|35.35393724795399|126.94156558074414;;광암제|35.386620335021966|126.94963718261468;;광덕제|35.37318005291048|126.9461560022107,3.2,43.8,61.5,44.6,게스트하우스펜션,"게스트하우스펜션 점수가 가장 높습니다 (관광명소 수 55, 공원 수 2 기준)"
284,전라남도 담양군 월산면 광암리,2022,활용형,단독주택,미동의,도시과,2023-05-15,35.3816782914594,126.953974286721,정확(리 단위),월산면,2419,중,3/12위,55,0.21,1,1,1,월산초등학교,"매월저수지, 오성제, 월평제, 광암제, 광덕제",월산초등학교|35.3407205378836|126.950578689912,매월저수지|35.35690336279316|126.97990538450648;;오성제|35.37181648675116|126.9665039152575;;월평제|35.35393724795399|126.94156558074414;;광암제|35.386620335021966|126.94963718261468;;광덕제|35.37318005291048|126.9461560022107,3.2,43.8,61.5,44.6,게스트하우스펜션,"게스트하우스펜션 점수가 가장 높습니다 (관광명소 수 55, 공원 수 2 기준)"
285,전라남도 담양군 월산면 광암리,2022,활용형,단독주택,미동의,도시과,2023-05-15,35.3816782914594,126.953974286721,정확(리 단위),월산면,2419,중,3/12위,55,0.21,1,1,1,월산초등학교,"매월저수지, 오성제, 월평제, 광암제, 광덕제",월산초등학교|35.3407205378836|126.950578689912,매월저수지|35.35690336279316|126.97990538450648;;오성제|35.37181648675116|126.9665039152575;;월평제|35.35393724795399|126.94156558074414;;광암제|35.386620335021966|126.94963718261468;;광덕제|35.37318005291048|126.9461560022107,3.2,43.8,61.5,44.6,게스트하우스펜션,"게스트하우스펜션 점수가 가장 높습니다 (관광명소 수 55, 공원 수 2 기준)"
286,전라남도 담양군 월산면 광암리,2022,철거형,단독주택,미동의,도시과,2023-05-15,35.3816782914594,126.953974286721,정확(리 단위),월산면,2419,중,3/12위,55,0.21,1,1,1,월산초등학교,"매월저수지, 오성제, 월평제, 광암제, 광덕제",월산초등학교|35.3407205378836|126.950578689912,매월저수지|35.35690336279316|126.97990538450648;;오성제|35.37181648675116|126.9665039152575;;월평제|35.35393724795399|126.94156558074414;;광암제|35.386620335021966|126.94963718261468;;광덕제|35.37318005291048|126.9461560022107,3.2,43.8,61.5,44.6,게스트하우스펜션,"게스트하우스펜션 점수가 가장 높습니다 (관광명소 수 55, 공원 수 2 기준)"
287,전라남도 담양군 월산면 광암리,2022,활용형,단독주택,미동의,도시과,2023-05-15,35.3816782914594,126.953974286721,정확(리 단위),월산면,2419,중,3/12위,55,0.21,1,1,1,월산초등학교,"매월저수지, 오성제, 월평제, 광암제, 광덕제",월산초등학교|35.3407205378836|126.950578689912,매월저수지|35.35690336279316|126.97990538450648;;오성제|35.37181648675116|126.9665039152575;;월평제|35.35393724795399|126.94156558074414;;광암제|35.386620335021966|126.94963718261468;;광덕제|35.37318005291048|126.9461560022107,3.2,43.8,61.5,44.6,게스트하우스펜션,"게스트하우스펜션 점수가 가장 높습니다 (관광명소 수 55, 공원 수 2 기준)"
288,전라남도 담양군 월산면 광암리 산,2022,철거형,단독주택,미동의,도시과,2023-05-15,35.3402210254092,126.954737011095,근사(읍면 단위),월산면,2419,중,3/12위,55,0.21,1,1,1,월산초등학교,"매월저수지, 오성제, 월평제, 광암제, 광덕제",월산초등학교|35.3407205378836|126.950578689912,매월저수지|35.35690336279316|126.97990538450648;;오성제|35.37181648675116|126.9665039152575;;월평제|35.35393724795399|126.94156558074414;;광암제|35.386620335021966|126.94963718261468;;광덕제|35.37318005291048|126.9461560022107,3.2,43.8,61.5,44.6,게스트하우스펜션,"게스트하우스펜션 점수가 가장 높습니다 (관광명소 수 55, 공원 수 2 기준)"
289,전라남도 담양군 월산면 오성리,2022,활용형,단독주택,미동의,도시과,2023-05-15,35.3617593364059,126.966058048333,정확(리 단위),월산면,2419,중,3/12위,55,0.21,1,1,1,월산초등학교,"매월저수지, 오성제, 월평제, 광암제, 광덕제",월산초등학교|35.3407205378836|126.950578689912,매월저수지|35.35690336279316|126.97990538450648;;오성제|35.37181648675116|126.9665039152575;;월평제|35.35393724795399|126.94156558074414;;광암제|35.386620335021966|126.94963718261468;;광덕제|35.37318005291048|126.9461560022107,3.2,43.8,61.5,44.6,게스트하우스펜션,"게스트하우스펜션 점수가 가장 높습니다 (관광명소 수 55, 공원 수 2 기준)"
290,전라남도 담양군 월산면 월계리,2022,철거형,단독주택,미동의,도시과,2023-05-15,35.3485073161741,126.97040685434,정확(리 단위),월산면,2419,중,3/12위,55,0.21,1,1,1,월산초등학교,"매월저수지, 오성제, 월평제, 광암제, 광덕제",월산초등학교|35.3407205378836|126.950578689912,매월저수지|35.35690336279316|126.97990538450648;;오성제|35.37181648675116|126.9665039152575;;월평제|35.35393724795399|126.94156558074414;;광암제|35.386620335021966|126.94963718261468;;광덕제|35.37318005291048|126.9461560022107,3.2,43.8,61.5,44.6,게스트하우스펜션,"게스트하우스펜션 점수가 가장 높습니다 (관광명소 수 55, 공원 수 2 기준)"
291,전라남도 담양군 월산면 월계리,2022,활용형,단독주택,미동의,도시과,2023-05-15,35.3485073161741,126.97040685434,정확(리 단위),월산면,2419,중,3/12위,55,0.21,1,1,1,월산초등학교,"매월저수지, 오성제, 월평제, 광암제, 광덕제",월산초등학교|35.3407205378836|126.950578689912,매월저수지|35.35690336279316|126.97990538450648;;오성제|35.37181648675116|126.9665039152575;;월평제|35.35393724795399|126.94156558074414;;광암제|35.386620335021966|126.94963718261468;;광덕제|35.37318005291048|126.9461560022107,3.2,43.8,61.5,44.6,게스트하우스펜션,"게스트하우스펜션 점수가 가장 높습니다 (관광명소 수 55, 공원 수 2 기준)"
292,전라남도 담양군 월산면 월계리,2022,철거형,단독주택,미동의,도시과,2023-05-15,35.3485073161741,126.97040685434,정확(리 단위),월산면,2419,중,3/12위,55,0.21,1,1,1,월산초등학교,"매월저수지, 오성제, 월평제, 광암제, 광덕제",월산초등학교|35.3407205378836|126.950578689912,매월저수지|35.35690336279316|126.97990538450648;;오성제|35.37181648675116|126.9665039152575;;월평제|35.35393724795399|126.94156558074414;;광암제|35.386620335021966|126.94963718261468;;광덕제|35.37318005291048|126.9461560022107,3.2,43.8,61.5,44.6,게스트하우스펜션,"게스트하우스펜션 점수가 가장 높습니다 (관광명소 수 55, 공원 수 2 기준)"
293,전라남도 담양군 월산면 월계리,2022,활용형,단독주택,미동의,도시과,2023-05-15,35.3485073161741,126.97040685434,정확(리 단위),월산면,2419,중,3/12위,55,0.21,1,1,1,월산초등학교,"매월저수지, 오성제, 월평제, 광암제, 광덕제",월산초등학교|35.3407205378836|126.950578689912,매월저수지|35.35690336279316|126.97990538450648;;오성제|35.37181648675116|126.9665039152575;;월평제|35.35393724795399|126.94156558074414;;광암제|35.386620335021966|126.94963718261468;;광덕제|35.37318005291048|126.9461560022107,3.2,43.8,61.5,44.6,게스트하우스펜션,"게스트하우스펜션 점수가 가장 높습니다 (관광명소 수 55, 공원 수 2 기준)"
294,전라남도 담양군 월산면 월계리,2022,활용형,단독주택,미동의,도시과,2023-05-15,35.3485073161741,126.97040685434,정확(리 단위),월산면,2419,중,3/12위,55,0.21,1,1,1,월산초등학교,"매월저수지, 오성제, 월평제, 광암제, 광덕제",월산초등학교|35.3407205378836|126.950578689912,매월저수지|35.35690336279316|126.97990538450648;;오성제|35.37181648675116|126.9665039152575;;월평제|35.35393724795399|126.94156558074414;;광암제|35.386620335021966|126.94963718261468;;광덕제|35.37318005291048|126.9461560022107,3.2,43.8,61.5,44.6,게스트하우스펜션,"게스트하우스펜션 점수가 가장 높습니다 (관광명소 수 55, 공원 수 2 기준)"
295,전라남도 담양군 월산면 월계리,2022,활용형,단독주택,미동의,도시과,2023-05-15,35.3485073161741,126.97040685434,정확(리 단위),월산면,2419,중,3/12위,55,0.21,1,1,1,월산초등학교,"매월저수지, 오성제, 월평제, 광암제, 광덕제",월산초등학교|35.3407205378836|126.950578689912,매월저수지|35.35690336279316|126.97990538450648;;오성제|35.37181648675116|126.9665039152575;;월평제|35.35393724795399|126.94156558074414;;광암제|35.386620335021966|126.94963718261468;;광덕제|35.37318005291048|126.9461560022107,3.2,43.8,61.5,44.6,게스트하우스펜션,"게스트하우스펜션 점수가 가장 높습니다 (관광명소 수 55, 공원 수 2 기준)"
296,전라남도 담양군 월산면 월계리,2022,철거형,단독주택,미동의,도시과,2023-05-15,35.3485073161741,126.97040685434,정확(리 단위),월산면,2419,중,3/12위,55,0.21,1,1,1,월산초등학교,"매월저수지, 오성제, 월평제, 광암제, 광덕제",월산초등학교|35.3407205378836|126.950578689912,매월저수지|35.35690336279316|126.97990538450648;;오성제|35.37181648675116|126.9665039152575;;월평제|35.35393724795399|126.94156558074414;;광암제|35.386620335021966|126.94963718261468;;광덕제|35.37318005291048|126.9461560022107,3.2,43.8,61.5,44.6,게스트하우스펜션,"게스트하우스펜션 점수가 가장 높습니다 (관광명소 수 55, 공원 수 2 기준)"
297,전라남도 담양군 월산면 화방리,2022,철거형,단독주택,미동의,도시과,2023-05-15,35.3360731506886,126.960019075947,정확(리 단위),월산면,2419,중,3/12위,55,0.21,1,1,1,월산초등학교,"매월저수지, 오성제, 월평제, 광암제, 광덕제",월산초등학교|35.3407205378836|126.950578689912,매월저수지|35.35690336279316|126.97990538450648;;오성제|35.37181648675116|126.9665039152575;;월평제|35.35393724795399|126.94156558074414;;광암제|35.386620335021966|126.94963718261468;;광덕제|35.37318005291048|126.9461560022107,3.2,43.8,61.5,44.6,게스트하우스펜션,"게스트하우스펜션 점수가 가장 높습니다 (관광명소 수 55, 공원 수 2 기준)"
298,전라남도 담양군 월산면 화방리,2022,철거형,단독주택,미동의,도시과,2023-05-15,35.3360731506886,126.960019075947,정확(리 단위),월산면,2419,중,3/12위,55,0.21,1,1,1,월산초등학교,"매월저수지, 오성제, 월평제, 광암제, 광덕제",월산초등학교|35.3407205378836|126.950578689912,매월저수지|35.35690336279316|126.97990538450648;;오성제|35.37181648675116|126.9665039152575;;월평제|35.35393724795399|126.94156558074414;;광암제|35.386620335021966|126.94963718261468;;광덕제|35.37318005291048|126.9461560022107,3.2,43.8,61.5,44.6,게스트하우스펜션,"게스트하우스펜션 점수가 가장 높습니다 (관광명소 수 55, 공원 수 2 기준)"
299,전라남도 담양군 수북면 나산리,2022,활용형,단독주택,미동의,도시과,2023-05-15,35.2915887568649,126.932108774483,정확(리 단위),수북면,4817,하,12/12위,12,0.95,4,3,2,"담양수북중학교, 수북초등학교, 한빛고등학교, 봉산초등학교","영산강, 삼산제, 나산제, 고가제, 궁산제",담양수북중학교|35.2998848118972|126.932339329134;;수북초등학교|35.3011995152582|126.930139282722;;한빛고등학교|35.2915515104499|126.913314395405;;봉산초등학교|35.2771643457718|126.957159478005,영산강|35.288973156409|126.950935555672;;삼산제|35.29221577561855|126.91846746060646;;나산제|35.29251862246353|126.93315788555167;;고가제|35.31531230160089|126.94932403627277;;궁산제|35.3174146308531|126.91736997360564,33.9,11.3,26.8,18.5,주거,"주거 점수가 가장 높습니다 (학교 수 4, 마트 수 3 기준)"
300,전라남도 담양군 수북면 개동리,2022,활용형,단독주택,미동의,도시과,2023-05-15,35.2800814024111,126.940806382051,정확(리 단위),수북면,4817,하,12/12위,12,0.95,4,3,2,"담양수북중학교, 수북초등학교, 한빛고등학교, 봉산초등학교","영산강, 삼산제, 나산제, 고가제, 궁산제",담양수북중학교|35.2998848118972|126.932339329134;;수북초등학교|35.3011995152582|126.930139282722;;한빛고등학교|35.2915515104499|126.913314395405;;봉산초등학교|35.2771643457718|126.957159478005,영산강|35.288973156409|126.950935555672;;삼산제|35.29221577561855|126.91846746060646;;나산제|35.29251862246353|126.93315788555167;;고가제|35.31531230160089|126.94932403627277;;궁산제|35.3174146308531|126.91736997360564,33.9,11.3,26.8,18.5,주거,"주거 점수가 가장 높습니다 (학교 수 4, 마트 수 3 기준)"
301,전라남도 담양군 수북면 정중리,2022,철거형,단독주택,미동의,도시과,2023-05-15,35.2729027352284,126.933157517361,정확(리 단위),수북면,4817,하,12/12위,12,0.95,4,3,2,"담양수북중학교, 수북초등학교, 한빛고등학교, 봉산초등학교","영산강, 삼산제, 나산제, 고가제, 궁산제",담양수북중학교|35.2998848118972|126.932339329134;;수북초등학교|35.3011995152582|126.930139282722;;한빛고등학교|35.2915515104499|126.913314395405;;봉산초등학교|35.2771643457718|126.957159478005,영산강|35.288973156409|126.950935555672;;삼산제|35.29221577561855|126.91846746060646;;나산제|35.29251862246353|126.93315788555167;;고가제|35.31531230160089|126.94932403627277;;궁산제|35.3174146308531|126.91736997360564,33.9,11.3,26.8,18.5,주거,"주거 점수가 가장 높습니다 (학교 수 4, 마트 수 3 기준)"
302,전라남도 담양군 수북면 정중리,2022,활용형,단독주택,미동의,도시과,2023-05-15,35.2729027352284,126.933157517361,정확(리 단위),수북면,4817,하,12/12위,12,0.95,4,3,2,"담양수북중학교, 수북초등학교, 한빛고등학교, 봉산초등학교","영산강, 삼산제, 나산제, 고가제, 궁산제",담양수북중학교|35.2998848118972|126.932339329134;;수북초등학교|35.3011995152582|126.930139282722;;한빛고등학교|35.2915515104499|126.913314395405;;봉산초등학교|35.2771643457718|126.957159478005,영산강|35.288973156409|126.950935555672;;삼산제|35.29221577561855|126.91846746060646;;나산제|35.29251862246353|126.93315788555167;;고가제|35.31531230160089|126.94932403627277;;궁산제|35.3174146308531|126.91736997360564,33.9,11.3,26.8,18.5,주거,"주거 점수가 가장 높습니다 (학교 수 4, 마트 수 3 기준)"
303,전라남도 담양군 수북면 정중리,2022,활용형,단독주택,미동의,도시과,2023-05-15,35.2729027352284,126.933157517361,정확(리 단위),수북면,4817,하,12/12위,12,0.95,4,3,2,"담양수북중학교, 수북초등학교, 한빛고등학교, 봉산초등학교","영산강, 삼산제, 나산제, 고가제, 궁산제",담양수북중학교|35.2998848118972|126.932339329134;;수북초등학교|35.3011995152582|126.930139282722;;한빛고등학교|35.2915515104499|126.913314395405;;봉산초등학교|35.2771643457718|126.957159478005,영산강|35.288973156409|126.950935555672;;삼산제|35.29221577561855|126.91846746060646;;나산제|35.29251862246353|126.93315788555167;;고가제|35.31531230160089|126.94932403627277;;궁산제|35.3174146308531|126.91736997360564,33.9,11.3,26.8,18.5,주거,"주거 점수가 가장 높습니다 (학교 수 4, 마트 수 3 기준)"
304,전라남도 담양군 수북면 정중리,2022,활용형,단독주택,미동의,도시과,2023-05-15,35.2729027352284,126.933157517361,정확(리 단위),수북면,4817,하,12/12위,12,0.95,4,3,2,"담양수북중학교, 수북초등학교, 한빛고등학교, 봉산초등학교","영산강, 삼산제, 나산제, 고가제, 궁산제",담양수북중학교|35.2998848118972|126.932339329134;;수북초등학교|35.3011995152582|126.930139282722;;한빛고등학교|35.2915515104499|126.913314395405;;봉산초등학교|35.2771643457718|126.957159478005,영산강|35.288973156409|126.950935555672;;삼산제|35.29221577561855|126.91846746060646;;나산제|35.29251862246353|126.93315788555167;;고가제|35.31531230160089|126.94932403627277;;궁산제|35.3174146308531|126.91736997360564,33.9,11.3,26.8,18.5,주거,"주거 점수가 가장 높습니다 (학교 수 4, 마트 수 3 기준)"
305,전라남도 담양군 수북면 정중리,2022,철거형,단독주택,미동의,도시과,2023-05-15,35.2729027352284,126.933157517361,정확(리 단위),수북면,4817,하,12/12위,12,0.95,4,3,2,"담양수북중학교, 수북초등학교, 한빛고등학교, 봉산초등학교","영산강, 삼산제, 나산제, 고가제, 궁산제",담양수북중학교|35.2998848118972|126.932339329134;;수북초등학교|35.3011995152582|126.930139282722;;한빛고등학교|35.2915515104499|126.913314395405;;봉산초등학교|35.2771643457718|126.957159478005,영산강|35.288973156409|126.950935555672;;삼산제|35.29221577561855|126.91846746060646;;나산제|35.29251862246353|126.93315788555167;;고가제|35.31531230160089|126.94932403627277;;궁산제|35.3174146308531|126.91736997360564,33.9,11.3,26.8,18.5,주거,"주거 점수가 가장 높습니다 (학교 수 4, 마트 수 3 기준)"
306,전라남도 담양군 수북면 정중리,2022,활용형,단독주택,미동의,도시과,2023-05-15,35.2729027352284,126.933157517361,정확(리 단위),수북면,4817,하,12/12위,12,0.95,4,3,2,"담양수북중학교, 수북초등학교, 한빛고등학교, 봉산초등학교","영산강, 삼산제, 나산제, 고가제, 궁산제",담양수북중학교|35.2998848118972|126.932339329134;;수북초등학교|35.3011995152582|126.930139282722;;한빛고등학교|35.2915515104499|126.913314395405;;봉산초등학교|35.2771643457718|126.957159478005,영산강|35.288973156409|126.950935555672;;삼산제|35.29221577561855|126.91846746060646;;나산제|35.29251862246353|126.93315788555167;;고가제|35.31531230160089|126.94932403627277;;궁산제|35.3174146308531|126.91736997360564,33.9,11.3,26.8,18.5,주거,"주거 점수가 가장 높습니다 (학교 수 4, 마트 수 3 기준)"
307,전라남도 담양군 수북면 황금리,2022,활용형,단독주택,미동의,도시과,2023-05-15,35.2677762499365,126.921723083815,정확(리 단위),수북면,4817,하,12/12위,12,0.95,4,3,2,"담양수북중학교, 수북초등학교, 한빛고등학교, 봉산초등학교","영산강, 삼산제, 나산제, 고가제, 궁산제",담양수북중학교|35.2998848118972|126.932339329134;;수북초등학교|35.3011995152582|126.930139282722;;한빛고등학교|35.2915515104499|126.913314395405;;봉산초등학교|35.2771643457718|126.957159478005,영산강|35.288973156409|126.950935555672;;삼산제|35.29221577561855|126.91846746060646;;나산제|35.29251862246353|126.93315788555167;;고가제|35.31531230160089|126.94932403627277;;궁산제|35.3174146308531|126.91736997360564,33.9,11.3,26.8,18.5,주거,"주거 점수가 가장 높습니다 (학교 수 4, 마트 수 3 기준)"
308,전라남도 담양군 수북면 황금리,2022,활용형,단독주택,미동의,도시과,2023-05-15,35.2677762499365,126.921723083815,정확(리 단위),수북면,4817,하,12/12위,12,0.95,4,3,2,"담양수북중학교, 수북초등학교, 한빛고등학교, 봉산초등학교","영산강, 삼산제, 나산제, 고가제, 궁산제",담양수북중학교|35.2998848118972|126.932339329134;;수북초등학교|35.3011995152582|126.930139282722;;한빛고등학교|35.2915515104499|126.913314395405;;봉산초등학교|35.2771643457718|126.957159478005,영산강|35.288973156409|126.950935555672;;삼산제|35.29221577561855|126.91846746060646;;나산제|35.29251862246353|126.93315788555167;;고가제|35.31531230160089|126.94932403627277;;궁산제|35.3174146308531|126.91736997360564,33.9,11.3,26.8,18.5,주거,"주거 점수가 가장 높습니다 (학교 수 4, 마트 수 3 기준)"
309,전라남도 담양군 수북면 황금리,2022,철거형,단독주택,미동의,도시과,2023-05-15,35.2677762499365,126.921723083815,정확(리 단위),수북면,4817,하,12/12위,12,0.95,4,3,2,"담양수북중학교, 수북초등학교, 한빛고등학교, 봉산초등학교","영산강, 삼산제, 나산제, 고가제, 궁산제",담양수북중학교|35.2998848118972|126.932339329134;;수북초등학교|35.3011995152582|126.930139282722;;한빛고등학교|35.2915515104499|126.913314395405;;봉산초등학교|35.2771643457718|126.957159478005,영산강|35.288973156409|126.950935555672;;삼산제|35.29221577561855|126.91846746060646;;나산제|35.29251862246353|126.93315788555167;;고가제|35.31531230160089|126.94932403627277;;궁산제|35.3174146308531|126.91736997360564,33.9,11.3,26.8,18.5,주거,"주거 점수가 가장 높습니다 (학교 수 4, 마트 수 3 기준)"
310,전라남도 담양군 수북면 황금리,2022,활용형,단독주택,미동의,도시과,2023-05-15,35.2677762499365,126.921723083815,정확(리 단위),수북면,4817,하,12/12위,12,0.95,4,3,2,"담양수북중학교, 수북초등학교, 한빛고등학교, 봉산초등학교","영산강, 삼산제, 나산제, 고가제, 궁산제",담양수북중학교|35.2998848118972|126.932339329134;;수북초등학교|35.3011995152582|126.930139282722;;한빛고등학교|35.2915515104499|126.913314395405;;봉산초등학교|35.2771643457718|126.957159478005,영산강|35.288973156409|126.950935555672;;삼산제|35.29221577561855|126.91846746060646;;나산제|35.29251862246353|126.93315788555167;;고가제|35.31531230160089|126.94932403627277;;궁산제|35.3174146308531|126.91736997360564,33.9,11.3,26.8,18.5,주거,"주거 점수가 가장 높습니다 (학교 수 4, 마트 수 3 기준)"
311,전라남도 담양군 수북면 황금리,2022,활용형,단독주택,미동의,도시과,2023-05-15,35.2677762499365,126.921723083815,정확(리 단위),수북면,4817,하,12/12위,12,0.95,4,3,2,"담양수북중학교, 수북초등학교, 한빛고등학교, 봉산초등학교","영산강, 삼산제, 나산제, 고가제, 궁산제",담양수북중학교|35.2998848118972|126.932339329134;;수북초등학교|35.3011995152582|126.930139282722;;한빛고등학교|35.2915515104499|126.913314395405;;봉산초등학교|35.2771643457718|126.957159478005,영산강|35.288973156409|126.950935555672;;삼산제|35.29221577561855|126.91846746060646;;나산제|35.29251862246353|126.93315788555167;;고가제|35.31531230160089|126.94932403627277;;궁산제|35.3174146308531|126.91736997360564,33.9,11.3,26.8,18.5,주거,"주거 점수가 가장 높습니다 (학교 수 4, 마트 수 3 기준)"
312,전라남도 담양군 수북면 황금리,2022,활용형,단독주택,미동의,도시과,2023-05-15,35.2677762499365,126.921723083815,정확(리 단위),수북면,4817,하,12/12위,12,0.95,4,3,2,"담양수북중학교, 수북초등학교, 한빛고등학교, 봉산초등학교","영산강, 삼산제, 나산제, 고가제, 궁산제",담양수북중학교|35.2998848118972|126.932339329134;;수북초등학교|35.3011995152582|126.930139282722;;한빛고등학교|35.2915515104499|126.913314395405;;봉산초등학교|35.2771643457718|126.957159478005,영산강|35.288973156409|126.950935555672;;삼산제|35.29221577561855|126.91846746060646;;나산제|35.29251862246353|126.93315788555167;;고가제|35.31531230160089|126.94932403627277;;궁산제|35.3174146308531|126.91736997360564,33.9,11.3,26.8,18.5,주거,"주거 점수가 가장 높습니다 (학교 수 4, 마트 수 3 기준)"
313,전라남도 담양군 수북면 황금리,2022,활용형,단독주택,미동의,도시과,2023-05-15,35.2677762499365,126.921723083815,정확(리 단위),수북면,4817,하,12/12위,12,0.95,4,3,2,"담양수북중학교, 수북초등학교, 한빛고등학교, 봉산초등학교","영산강, 삼산제, 나산제, 고가제, 궁산제",담양수북중학교|35.2998848118972|126.932339329134;;수북초등학교|35.3011995152582|126.930139282722;;한빛고등학교|35.2915515104499|126.913314395405;;봉산초등학교|35.2771643457718|126.957159478005,영산강|35.288973156409|126.950935555672;;삼산제|35.29221577561855|126.91846746060646;;나산제|35.29251862246353|126.93315788555167;;고가제|35.31531230160089|126.94932403627277;;궁산제|35.3174146308531|126.91736997360564,33.9,11.3,26.8,18.5,주거,"주거 점수가 가장 높습니다 (학교 수 4, 마트 수 3 기준)"
314,전라남도 담양군 수북면 황금리,2022,철거형,단독주택,미동의,도시과,2023-05-15,35.2677762499365,126.921723083815,정확(리 단위),수북면,4817,하,12/12위,12,0.95,4,3,2,"담양수북중학교, 수북초등학교, 한빛고등학교, 봉산초등학교","영산강, 삼산제, 나산제, 고가제, 궁산제",담양수북중학교|35.2998848118972|126.932339329134;;수북초등학교|35.3011995152582|126.930139282722;;한빛고등학교|35.2915515104499|126.913314395405;;봉산초등학교|35.2771643457718|126.957159478005,영산강|35.288973156409|126.950935555672;;삼산제|35.29221577561855|126.91846746060646;;나산제|35.29251862246353|126.93315788555167;;고가제|35.31531230160089|126.94932403627277;;궁산제|35.3174146308531|126.91736997360564,33.9,11.3,26.8,18.5,주거,"주거 점수가 가장 높습니다 (학교 수 4, 마트 수 3 기준)"
315,전라남도 담양군 수북면 황금리,2022,활용형,단독주택,미동의,도시과,2023-05-15,35.2677762499365,126.921723083815,정확(리 단위),수북면,4817,하,12/12위,12,0.95,4,3,2,"담양수북중학교, 수북초등학교, 한빛고등학교, 봉산초등학교","영산강, 삼산제, 나산제, 고가제, 궁산제",담양수북중학교|35.2998848118972|126.932339329134;;수북초등학교|35.3011995152582|126.930139282722;;한빛고등학교|35.2915515104499|126.913314395405;;봉산초등학교|35.2771643457718|126.957159478005,영산강|35.288973156409|126.950935555672;;삼산제|35.29221577561855|126.91846746060646;;나산제|35.29251862246353|126.93315788555167;;고가제|35.31531230160089|126.94932403627277;;궁산제|35.3174146308531|126.91736997360564,33.9,11.3,26.8,18.5,주거,"주거 점수가 가장 높습니다 (학교 수 4, 마트 수 3 기준)"
316,전라남도 담양군 수북면 고성리,2022,철거형,단독주택,미동의,도시과,2023-05-15,35.2860767157711,126.926876446702,정확(리 단위),수북면,4817,하,12/12위,12,0.95,4,3,2,"담양수북중학교, 수북초등학교, 한빛고등학교, 봉산초등학교","영산강, 삼산제, 나산제, 고가제, 궁산제",담양수북중학교|35.2998848118972|126.932339329134;;수북초등학교|35.3011995152582|126.930139282722;;한빛고등학교|35.2915515104499|126.913314395405;;봉산초등학교|35.2771643457718|126.957159478005,영산강|35.288973156409|126.950935555672;;삼산제|35.29221577561855|126.91846746060646;;나산제|35.29251862246353|126.93315788555167;;고가제|35.31531230160089|126.94932403627277;;궁산제|35.3174146308531|126.91736997360564,33.9,11.3,26.8,18.5,주거,"주거 점수가 가장 높습니다 (학교 수 4, 마트 수 3 기준)"
317,전라남도 담양군 수북면 고성리,2022,철거형,단독주택,미동의,도시과,2023-05-15,35.2860767157711,126.926876446702,정확(리 단위),수북면,4817,하,12/12위,12,0.95,4,3,2,"담양수북중학교, 수북초등학교, 한빛고등학교, 봉산초등학교","영산강, 삼산제, 나산제, 고가제, 궁산제",담양수북중학교|35.2998848118972|126.932339329134;;수북초등학교|35.3011995152582|126.930139282722;;한빛고등학교|35.2915515104499|126.913314395405;;봉산초등학교|35.2771643457718|126.957159478005,영산강|35.288973156409|126.950935555672;;삼산제|35.29221577561855|126.91846746060646;;나산제|35.29251862246353|126.93315788555167;;고가제|35.31531230160089|126.94932403627277;;궁산제|35.3174146308531|126.91736997360564,33.9,11.3,26.8,18.5,주거,"주거 점수가 가장 높습니다 (학교 수 4, 마트 수 3 기준)"
318,전라남도 담양군 수북면 고성리,2022,활용형,단독주택,미동의,도시과,2023-05-15,35.2860767157711,126.926876446702,정확(리 단위),수북면,4817,하,12/12위,12,0.95,4,3,2,"담양수북중학교, 수북초등학교, 한빛고등학교, 봉산초등학교","영산강, 삼산제, 나산제, 고가제, 궁산제",담양수북중학교|35.2998848118972|126.932339329134;;수북초등학교|35.3011995152582|126.930139282722;;한빛고등학교|35.2915515104499|126.913314395405;;봉산초등학교|35.2771643457718|126.957159478005,영산강|35.288973156409|126.950935555672;;삼산제|35.29221577561855|126.91846746060646;;나산제|35.29251862246353|126.93315788555167;;고가제|35.31531230160089|126.94932403627277;;궁산제|35.3174146308531|126.91736997360564,33.9,11.3,26.8,18.5,주거,"주거 점수가 가장 높습니다 (학교 수 4, 마트 수 3 기준)"
319,전라남도 담양군 수북면 오정리,2022,활용형,단독주택,미동의,도시과,2023-05-15,35.2996474252511,126.915992830297,정확(리 단위),수북면,4817,하,12/12위,12,0.95,4,3,2,"담양수북중학교, 수북초등학교, 한빛고등학교, 봉산초등학교","영산강, 삼산제, 나산제, 고가제, 궁산제",담양수북중학교|35.2998848118972|126.932339329134;;수북초등학교|35.3011995152582|126.930139282722;;한빛고등학교|35.2915515104499|126.913314395405;;봉산초등학교|35.2771643457718|126.957159478005,영산강|35.288973156409|126.950935555672;;삼산제|35.29221577561855|126.91846746060646;;나산제|35.29251862246353|126.93315788555167;;고가제|35.31531230160089|126.94932403627277;;궁산제|35.3174146308531|126.91736997360564,33.9,11.3,26.8,18.5,주거,"주거 점수가 가장 높습니다 (학교 수 4, 마트 수 3 기준)"
320,전라남도 담양군 수북면 오정리,2022,활용형,단독주택,미동의,도시과,2023-05-15,35.2996474252511,126.915992830297,정확(리 단위),수북면,4817,하,12/12위,12,0.95,4,3,2,"담양수북중학교, 수북초등학교, 한빛고등학교, 봉산초등학교","영산강, 삼산제, 나산제, 고가제, 궁산제",담양수북중학교|35.2998848118972|126.932339329134;;수북초등학교|35.3011995152582|126.930139282722;;한빛고등학교|35.2915515104499|126.913314395405;;봉산초등학교|35.2771643457718|126.957159478005,영산강|35.288973156409|126.950935555672;;삼산제|35.29221577561855|126.91846746060646;;나산제|35.29251862246353|126.93315788555167;;고가제|35.31531230160089|126.94932403627277;;궁산제|35.3174146308531|126.91736997360564,33.9,11.3,26.8,18.5,주거,"주거 점수가 가장 높습니다 (학교 수 4, 마트 수 3 기준)"
321,전라남도 담양군 수북면 오정리,2022,활용형,단독주택,미동의,도시과,2023-05-15,35.2996474252511,126.915992830297,정확(리 단위),수북면,4817,하,12/12위,12,0.95,4,3,2,"담양수북중학교, 수북초등학교, 한빛고등학교, 봉산초등학교","영산강, 삼산제, 나산제, 고가제, 궁산제",담양수북중학교|35.2998848118972|126.932339329134;;수북초등학교|35.3011995152582|126.930139282722;;한빛고등학교|35.2915515104499|126.913314395405;;봉산초등학교|35.2771643457718|126.957159478005,영산강|35.288973156409|126.950935555672;;삼산제|35.29221577561855|126.91846746060646;;나산제|35.29251862246353|126.93315788555167;;고가제|35.31531230160089|126.94932403627277;;궁산제|35.3174146308531|126.91736997360564,33.9,11.3,26.8,18.5,주거,"주거 점수가 가장 높습니다 (학교 수 4, 마트 수 3 기준)"
322,전라남도 담양군 수북면 오정리,2022,활용형,단독주택,미동의,도시과,2023-05-15,35.2996474252511,126.915992830297,정확(리 단위),수북면,4817,하,12/12위,12,0.95,4,3,2,"담양수북중학교, 수북초등학교, 한빛고등학교, 봉산초등학교","영산강, 삼산제, 나산제, 고가제, 궁산제",담양수북중학교|35.2998848118972|126.932339329134;;수북초등학교|35.3011995152582|126.930139282722;;한빛고등학교|35.2915515104499|126.913314395405;;봉산초등학교|35.2771643457718|126.957159478005,영산강|35.288973156409|126.950935555672;;삼산제|35.29221577561855|126.91846746060646;;나산제|35.29251862246353|126.93315788555167;;고가제|35.31531230160089|126.94932403627277;;궁산제|35.3174146308531|126.91736997360564,33.9,11.3,26.8,18.5,주거,"주거 점수가 가장 높습니다 (학교 수 4, 마트 수 3 기준)"
323,전라남도 담양군 수북면 오정리,2022,활용형,단독주택,미동의,도시과,2023-05-15,35.2996474252511,126.915992830297,정확(리 단위),수북면,4817,하,12/12위,12,0.95,4,3,2,"담양수북중학교, 수북초등학교, 한빛고등학교, 봉산초등학교","영산강, 삼산제, 나산제, 고가제, 궁산제",담양수북중학교|35.2998848118972|126.932339329134;;수북초등학교|35.3011995152582|126.930139282722;;한빛고등학교|35.2915515104499|126.913314395405;;봉산초등학교|35.2771643457718|126.957159478005,영산강|35.288973156409|126.950935555672;;삼산제|35.29221577561855|126.91846746060646;;나산제|35.29251862246353|126.93315788555167;;고가제|35.31531230160089|126.94932403627277;;궁산제|35.3174146308531|126.91736997360564,33.9,11.3,26.8,18.5,주거,"주거 점수가 가장 높습니다 (학교 수 4, 마트 수 3 기준)"
324,전라남도 담양군 수북면 대방리,2022,활용형,단독주택,미동의,도시과,2023-05-15,35.3152349211902,126.899178221185,정확(리 단위),수북면,4817,하,12/12위,12,0.95,4,3,2,"담양수북중학교, 수북초등학교, 한빛고등학교, 봉산초등학교","영산강, 삼산제, 나산제, 고가제, 궁산제",담양수북중학교|35.2998848118972|126.932339329134;;수북초등학교|35.3011995152582|126.930139282722;;한빛고등학교|35.2915515104499|126.913314395405;;봉산초등학교|35.2771643457718|126.957159478005,영산강|35.288973156409|126.950935555672;;삼산제|35.29221577561855|126.91846746060646;;나산제|35.29251862246353|126.93315788555167;;고가제|35.31531230160089|126.94932403627277;;궁산제|35.3174146308531|126.91736997360564,33.9,11.3,26.8,18.5,주거,"주거 점수가 가장 높습니다 (학교 수 4, 마트 수 3 기준)"
325,전라남도 담양군 수북면 대방리,2022,활용형,단독주택,미동의,도시과,2023-05-15,35.3152349211902,126.899178221185,정확(리 단위),수북면,4817,하,12/12위,12,0.95,4,3,2,"담양수북중학교, 수북초등학교, 한빛고등학교, 봉산초등학교","영산강, 삼산제, 나산제, 고가제, 궁산제",담양수북중학교|35.2998848118972|126.932339329134;;수북초등학교|35.3011995152582|126.930139282722;;한빛고등학교|35.2915515104499|126.913314395405;;봉산초등학교|35.2771643457718|126.957159478005,영산강|35.288973156409|126.950935555672;;삼산제|35.29221577561855|126.91846746060646;;나산제|35.29251862246353|126.93315788555167;;고가제|35.31531230160089|126.94932403627277;;궁산제|35.3174146308531|126.91736997360564,33.9,11.3,26.8,18.5,주거,"주거 점수가 가장 높습니다 (학교 수 4, 마트 수 3 기준)"
326,전라남도 담양군 수북면 두정리,2022,활용형,단독주택,미동의,도시과,2023-05-15,35.3246409103465,126.929164502773,정확(리 단위),수북면,4817,하,12/12위,12,0.95,4,3,2,"담양수북중학교, 수북초등학교, 한빛고등학교, 봉산초등학교","영산강, 삼산제, 나산제, 고가제, 궁산제",담양수북중학교|35.2998848118972|126.932339329134;;수북초등학교|35.3011995152582|126.930139282722;;한빛고등학교|35.2915515104499|126.913314395405;;봉산초등학교|35.2771643457718|126.957159478005,영산강|35.288973156409|126.950935555672;;삼산제|35.29221577561855|126.91846746060646;;나산제|35.29251862246353|126.93315788555167;;고가제|35.31531230160089|126.94932403627277;;궁산제|35.3174146308531|126.91736997360564,33.9,11.3,26.8,18.5,주거,"주거 점수가 가장 높습니다 (학교 수 4, 마트 수 3 기준)"
327,전라남도 담양군 수북면 두정리,2022,활용형,단독주택,미동의,도시과,2023-05-15,35.3246409103465,126.929164502773,정확(리 단위),수북면,4817,하,12/12위,12,0.95,4,3,2,"담양수북중학교, 수북초등학교, 한빛고등학교, 봉산초등학교","영산강, 삼산제, 나산제, 고가제, 궁산제",담양수북중학교|35.2998848118972|126.932339329134;;수북초등학교|35.3011995152582|126.930139282722;;한빛고등학교|35.2915515104499|126.913314395405;;봉산초등학교|35.2771643457718|126.957159478005,영산강|35.288973156409|126.950935555672;;삼산제|35.29221577561855|126.91846746060646;;나산제|35.29251862246353|126.93315788555167;;고가제|35.31531230160089|126.94932403627277;;궁산제|35.3174146308531|126.91736997360564,33.9,11.3,26.8,18.5,주거,"주거 점수가 가장 높습니다 (학교 수 4, 마트 수 3 기준)"
328,전라남도 담양군 수북면 두정리,2022,활용형,단독주택,미동의,도시과,2023-05-15,35.3246409103465,126.929164502773,정확(리 단위),수북면,4817,하,12/12위,12,0.95,4,3,2,"담양수북중학교, 수북초등학교, 한빛고등학교, 봉산초등학교","영산강, 삼산제, 나산제, 고가제, 궁산제",담양수북중학교|35.2998848118972|126.932339329134;;수북초등학교|35.3011995152582|126.930139282722;;한빛고등학교|35.2915515104499|126.913314395405;;봉산초등학교|35.2771643457718|126.957159478005,영산강|35.288973156409|126.950935555672;;삼산제|35.29221577561855|126.91846746060646;;나산제|35.29251862246353|126.93315788555167;;고가제|35.31531230160089|126.94932403627277;;궁산제|35.3174146308531|126.91736997360564,33.9,11.3,26.8,18.5,주거,"주거 점수가 가장 높습니다 (학교 수 4, 마트 수 3 기준)"
329,전라남도 담양군 수북면 두정리,2022,활용형,단독주택,미동의,도시과,2023-05-15,35.3246409103465,126.929164502773,정확(리 단위),수북면,4817,하,12/12위,12,0.95,4,3,2,"담양수북중학교, 수북초등학교, 한빛고등학교, 봉산초등학교","영산강, 삼산제, 나산제, 고가제, 궁산제",담양수북중학교|35.2998848118972|126.932339329134;;수북초등학교|35.3011995152582|126.930139282722;;한빛고등학교|35.2915515104499|126.913314395405;;봉산초등학교|35.2771643457718|126.957159478005,영산강|35.288973156409|126.950935555672;;삼산제|35.29221577561855|126.91846746060646;;나산제|35.29251862246353|126.93315788555167;;고가제|35.31531230160089|126.94932403627277;;궁산제|35.3174146308531|126.91736997360564,33.9,11.3,26.8,18.5,주거,"주거 점수가 가장 높습니다 (학교 수 4, 마트 수 3 기준)"
330,전라남도 담양군 수북면 두정리,2022,활용형,단독주택,미동의,도시과,2023-05-15,35.3246409103465,126.929164502773,정확(리 단위),수북면,4817,하,12/12위,12,0.95,4,3,2,"담양수북중학교, 수북초등학교, 한빛고등학교, 봉산초등학교","영산강, 삼산제, 나산제, 고가제, 궁산제",담양수북중학교|35.2998848118972|126.932339329134;;수북초등학교|35.3011995152582|126.930139282722;;한빛고등학교|35.2915515104499|126.913314395405;;봉산초등학교|35.2771643457718|126.957159478005,영산강|35.288973156409|126.950935555672;;삼산제|35.29221577561855|126.91846746060646;;나산제|35.29251862246353|126.93315788555167;;고가제|35.31531230160089|126.94932403627277;;궁산제|35.3174146308531|126.91736997360564,33.9,11.3,26.8,18.5,주거,"주거 점수가 가장 높습니다 (학교 수 4, 마트 수 3 기준)"
331,전라남도 담양군 수북면 두정리,2022,철거형,단독주택,미동의,도시과,2023-05-15,35.3246409103465,126.929164502773,정확(리 단위),수북면,4817,하,12/12위,12,0.95,4,3,2,"담양수북중학교, 수북초등학교, 한빛고등학교, 봉산초등학교","영산강, 삼산제, 나산제, 고가제, 궁산제",담양수북중학교|35.2998848118972|126.932339329134;;수북초등학교|35.3011995152582|126.930139282722;;한빛고등학교|35.2915515104499|126.913314395405;;봉산초등학교|35.2771643457718|126.957159478005,영산강|35.288973156409|126.950935555672;;삼산제|35.29221577561855|126.91846746060646;;나산제|35.29251862246353|126.93315788555167;;고가제|35.31531230160089|126.94932403627277;;궁산제|35.3174146308531|126.91736997360564,33.9,11.3,26.8,18.5,주거,"주거 점수가 가장 높습니다 (학교 수 4, 마트 수 3 기준)"
332,전라남도 담양군 수북면 주평리,2022,활용형,단독주택,미동의,도시과,2023-05-15,35.310000800219,126.945358909997,정확(리 단위),수북면,4817,하,12/12위,12,0.95,4,3,2,"담양수북중학교, 수북초등학교, 한빛고등학교, 봉산초등학교","영산강, 삼산제, 나산제, 고가제, 궁산제",담양수북중학교|35.2998848118972|126.932339329134;;수북초등학교|35.3011995152582|126.930139282722;;한빛고등학교|35.2915515104499|126.913314395405;;봉산초등학교|35.2771643457718|126.957159478005,영산강|35.288973156409|126.950935555672;;삼산제|35.29221577561855|126.91846746060646;;나산제|35.29251862246353|126.93315788555167;;고가제|35.31531230160089|126.94932403627277;;궁산제|35.3174146308531|126.91736997360564,33.9,11.3,26.8,18.5,주거,"주거 점수가 가장 높습니다 (학교 수 4, 마트 수 3 기준)"
333,전라남도 담양군 수북면 주평리,2022,활용형,단독주택,미동의,도시과,2023-05-15,35.310000800219,126.945358909997,정확(리 단위),수북면,4817,하,12/12위,12,0.95,4,3,2,"담양수북중학교, 수북초등학교, 한빛고등학교, 봉산초등학교","영산강, 삼산제, 나산제, 고가제, 궁산제",담양수북중학교|35.2998848118972|126.932339329134;;수북초등학교|35.3011995152582|126.930139282722;;한빛고등학교|35.2915515104499|126.913314395405;;봉산초등학교|35.2771643457718|126.957159478005,영산강|35.288973156409|126.950935555672;;삼산제|35.29221577561855|126.91846746060646;;나산제|35.29251862246353|126.93315788555167;;고가제|35.31531230160089|126.94932403627277;;궁산제|35.3174146308531|126.91736997360564,33.9,11.3,26.8,18.5,주거,"주거 점수가 가장 높습니다 (학교 수 4, 마트 수 3 기준)"
334,전라남도 담양군 수북면 주평리,2022,철거형,단독주택,미동의,도시과,2023-05-15,35.310000800219,126.945358909997,정확(리 단위),수북면,4817,하,12/12위,12,0.95,4,3,2,"담양수북중학교, 수북초등학교, 한빛고등학교, 봉산초등학교","영산강, 삼산제, 나산제, 고가제, 궁산제",담양수북중학교|35.2998848118972|126.932339329134;;수북초등학교|35.3011995152582|126.930139282722;;한빛고등학교|35.2915515104499|126.913314395405;;봉산초등학교|35.2771643457718|126.957159478005,영산강|35.288973156409|126.950935555672;;삼산제|35.29221577561855|126.91846746060646;;나산제|35.29251862246353|126.93315788555167;;고가제|35.31531230160089|126.94932403627277;;궁산제|35.3174146308531|126.91736997360564,33.9,11.3,26.8,18.5,주거,"주거 점수가 가장 높습니다 (학교 수 4, 마트 수 3 기준)"
335,전라남도 담양군 수북면 주평리,2022,철거형,단독주택,미동의,도시과,2023-05-15,35.310000800219,126.945358909997,정확(리 단위),수북면,4817,하,12/12위,12,0.95,4,3,2,"담양수북중학교, 수북초등학교, 한빛고등학교, 봉산초등학교","영산강, 삼산제, 나산제, 고가제, 궁산제",담양수북중학교|35.2998848118972|126.932339329134;;수북초등학교|35.3011995152582|126.930139282722;;한빛고등학교|35.2915515104499|126.913314395405;;봉산초등학교|35.2771643457718|126.957159478005,영산강|35.288973156409|126.950935555672;;삼산제|35.29221577561855|126.91846746060646;;나산제|35.29251862246353|126.93315788555167;;고가제|35.31531230160089|126.94932403627277;;궁산제|35.3174146308531|126.91736997360564,33.9,11.3,26.8,18.5,주거,"주거 점수가 가장 높습니다 (학교 수 4, 마트 수 3 기준)"
336,전라남도 담양군 수북면 주평리,2022,활용형,단독주택,미동의,도시과,2023-05-15,35.310000800219,126.945358909997,정확(리 단위),수북면,4817,하,12/12위,12,0.95,4,3,2,"담양수북중학교, 수북초등학교, 한빛고등학교, 봉산초등학교","영산강, 삼산제, 나산제, 고가제, 궁산제",담양수북중학교|35.2998848118972|126.932339329134;;수북초등학교|35.3011995152582|126.930139282722;;한빛고등학교|35.2915515104499|126.913314395405;;봉산초등학교|35.2771643457718|126.957159478005,영산강|35.288973156409|126.950935555672;;삼산제|35.29221577561855|126.91846746060646;;나산제|35.29251862246353|126.93315788555167;;고가제|35.31531230160089|126.94932403627277;;궁산제|35.3174146308531|126.91736997360564,33.9,11.3,26.8,18.5,주거,"주거 점수가 가장 높습니다 (학교 수 4, 마트 수 3 기준)"
337,전라남도 담양군 수북면 주평리,2022,활용형,단독주택,미동의,도시과,2023-05-15,35.310000800219,126.945358909997,정확(리 단위),수북면,4817,하,12/12위,12,0.95,4,3,2,"담양수북중학교, 수북초등학교, 한빛고등학교, 봉산초등학교","영산강, 삼산제, 나산제, 고가제, 궁산제",담양수북중학교|35.2998848118972|126.932339329134;;수북초등학교|35.3011995152582|126.930139282722;;한빛고등학교|35.2915515104499|126.913314395405;;봉산초등학교|35.2771643457718|126.957159478005,영산강|35.288973156409|126.950935555672;;삼산제|35.29221577561855|126.91846746060646;;나산제|35.29251862246353|126.93315788555167;;고가제|35.31531230160089|126.94932403627277;;궁산제|35.3174146308531|126.91736997360564,33.9,11.3,26.8,18.5,주거,"주거 점수가 가장 높습니다 (학교 수 4, 마트 수 3 기준)"
338,전라남도 담양군 수북면 주평리,2022,활용형,단독주택,미동의,도시과,2023-05-15,35.310000800219,126.945358909997,정확(리 단위),수북면,4817,하,12/12위,12,0.95,4,3,2,"담양수북중학교, 수북초등학교, 한빛고등학교, 봉산초등학교","영산강, 삼산제, 나산제, 고가제, 궁산제",담양수북중학교|35.2998848118972|126.932339329134;;수북초등학교|35.3011995152582|126.930139282722;;한빛고등학교|35.2915515104499|126.913314395405;;봉산초등학교|35.2771643457718|126.957159478005,영산강|35.288973156409|126.950935555672;;삼산제|35.29221577561855|126.91846746060646;;나산제|35.29251862246353|126.93315788555167;;고가제|35.31531230160089|126.94932403627277;;궁산제|35.3174146308531|126.91736997360564,33.9,11.3,26.8,18.5,주거,"주거 점수가 가장 높습니다 (학교 수 4, 마트 수 3 기준)"
339,전라남도 담양군 수북면 주평리,2022,활용형,단독주택,미동의,도시과,2023-05-15,35.310000800219,126.945358909997,정확(리 단위),수북면,4817,하,12/12위,12,0.95,4,3,2,"담양수북중학교, 수북초등학교, 한빛고등학교, 봉산초등학교","영산강, 삼산제, 나산제, 고가제, 궁산제",담양수북중학교|35.2998848118972|126.932339329134;;수북초등학교|35.3011995152582|126.930139282722;;한빛고등학교|35.2915515104499|126.913314395405;;봉산초등학교|35.2771643457718|126.957159478005,영산강|35.288973156409|126.950935555672;;삼산제|35.29221577561855|126.91846746060646;;나산제|35.29251862246353|126.93315788555167;;고가제|35.31531230160089|126.94932403627277;;궁산제|35.3174146308531|126.91736997360564,33.9,11.3,26.8,18.5,주거,"주거 점수가 가장 높습니다 (학교 수 4, 마트 수 3 기준)"
340,전라남도 담양군 수북면 주평리,2022,활용형,단독주택,미동의,도시과,2023-05-15,35.310000800219,126.945358909997,정확(리 단위),수북면,4817,하,12/12위,12,0.95,4,3,2,"담양수북중학교, 수북초등학교, 한빛고등학교, 봉산초등학교","영산강, 삼산제, 나산제, 고가제, 궁산제",담양수북중학교|35.2998848118972|126.932339329134;;수북초등학교|35.3011995152582|126.930139282722;;한빛고등학교|35.2915515104499|126.913314395405;;봉산초등학교|35.2771643457718|126.957159478005,영산강|35.288973156409|126.950935555672;;삼산제|35.29221577561855|126.91846746060646;;나산제|35.29251862246353|126.93315788555167;;고가제|35.31531230160089|126.94932403627277;;궁산제|35.3174146308531|126.91736997360564,33.9,11.3,26.8,18.5,주거,"주거 점수가 가장 높습니다 (학교 수 4, 마트 수 3 기준)"
341,전라남도 담양군 수북면 주평리,2022,철거형,단독주택,미동의,도시과,2023-05-15,35.310000800219,126.945358909997,정확(리 단위),수북면,4817,하,12/12위,12,0.95,4,3,2,"담양수북중학교, 수북초등학교, 한빛고등학교, 봉산초등학교","영산강, 삼산제, 나산제, 고가제, 궁산제",담양수북중학교|35.2998848118972|126.932339329134;;수북초등학교|35.3011995152582|126.930139282722;;한빛고등학교|35.2915515104499|126.913314395405;;봉산초등학교|35.2771643457718|126.957159478005,영산강|35.288973156409|126.950935555672;;삼산제|35.29221577561855|126.91846746060646;;나산제|35.29251862246353|126.93315788555167;;고가제|35.31531230160089|126.94932403627277;;궁산제|35.3174146308531|126.91736997360564,33.9,11.3,26.8,18.5,주거,"주거 점수가 가장 높습니다 (학교 수 4, 마트 수 3 기준)"
342,전라남도 담양군 수북면 주평리,2022,활용형,단독주택,미동의,도시과,2023-05-15,35.310000800219,126.945358909997,정확(리 단위),수북면,4817,하,12/12위,12,0.95,4,3,2,"담양수북중학교, 수북초등학교, 한빛고등학교, 봉산초등학교","영산강, 삼산제, 나산제, 고가제, 궁산제",담양수북중학교|35.2998848118972|126.932339329134;;수북초등학교|35.3011995152582|126.930139282722;;한빛고등학교|35.2915515104499|126.913314395405;;봉산초등학교|35.2771643457718|126.957159478005,영산강|35.288973156409|126.950935555672;;삼산제|35.29221577561855|126.91846746060646;;나산제|35.29251862246353|126.93315788555167;;고가제|35.31531230160089|126.94932403627277;;궁산제|35.3174146308531|126.91736997360564,33.9,11.3,26.8,18.5,주거,"주거 점수가 가장 높습니다 (학교 수 4, 마트 수 3 기준)"
343,전라남도 담양군 수북면 주평리,2022,철거형,단독주택,미동의,도시과,2023-05-15,35.310000800219,126.945358909997,정확(리 단위),수북면,4817,하,12/12위,12,0.95,4,3,2,"담양수북중학교, 수북초등학교, 한빛고등학교, 봉산초등학교","영산강, 삼산제, 나산제, 고가제, 궁산제",담양수북중학교|35.2998848118972|126.932339329134;;수북초등학교|35.3011995152582|126.930139282722;;한빛고등학교|35.2915515104499|126.913314395405;;봉산초등학교|35.2771643457718|126.957159478005,영산강|35.288973156409|126.950935555672;;삼산제|35.29221577561855|126.91846746060646;;나산제|35.29251862246353|126.93315788555167;;고가제|35.31531230160089|126.94932403627277;;궁산제|35.3174146308531|126.91736997360564,33.9,11.3,26.8,18.5,주거,"주거 점수가 가장 높습니다 (학교 수 4, 마트 수 3 기준)"
344,전라남도 담양군 수북면 남산리,2022,활용형,단독주택,미동의,도시과,2023-05-15,35.2903703427903,126.946924357914,정확(리 단위),수북면,4817,하,12/12위,12,0.95,4,3,2,"담양수북중학교, 수북초등학교, 한빛고등학교, 봉산초등학교","영산강, 삼산제, 나산제, 고가제, 궁산제",담양수북중학교|35.2998848118972|126.932339329134;;수북초등학교|35.3011995152582|126.930139282722;;한빛고등학교|35.2915515104499|126.913314395405;;봉산초등학교|35.2771643457718|126.957159478005,영산강|35.288973156409|126.950935555672;;삼산제|35.29221577561855|126.91846746060646;;나산제|35.29251862246353|126.93315788555167;;고가제|35.31531230160089|126.94932403627277;;궁산제|35.3174146308531|126.91736997360564,33.9,11.3,26.8,18.5,주거,"주거 점수가 가장 높습니다 (학교 수 4, 마트 수 3 기준)"
345,전라남도 담양군 수북면 남산리,2022,활용형,단독주택,미동의,도시과,2023-05-15,35.2903703427903,126.946924357914,정확(리 단위),수북면,4817,하,12/12위,12,0.95,4,3,2,"담양수북중학교, 수북초등학교, 한빛고등학교, 봉산초등학교","영산강, 삼산제, 나산제, 고가제, 궁산제",담양수북중학교|35.2998848118972|126.932339329134;;수북초등학교|35.3011995152582|126.930139282722;;한빛고등학교|35.2915515104499|126.913314395405;;봉산초등학교|35.2771643457718|126.957159478005,영산강|35.288973156409|126.950935555672;;삼산제|35.29221577561855|126.91846746060646;;나산제|35.29251862246353|126.93315788555167;;고가제|35.31531230160089|126.94932403627277;;궁산제|35.3174146308531|126.91736997360564,33.9,11.3,26.8,18.5,주거,"주거 점수가 가장 높습니다 (학교 수 4, 마트 수 3 기준)"
346,전라남도 담양군 수북면 남산리,2022,활용형,단독주택,미동의,도시과,2023-05-15,35.2903703427903,126.946924357914,정확(리 단위),수북면,4817,하,12/12위,12,0.95,4,3,2,"담양수북중학교, 수북초등학교, 한빛고등학교, 봉산초등학교","영산강, 삼산제, 나산제, 고가제, 궁산제",담양수북중학교|35.2998848118972|126.932339329134;;수북초등학교|35.3011995152582|126.930139282722;;한빛고등학교|35.2915515104499|126.913314395405;;봉산초등학교|35.2771643457718|126.957159478005,영산강|35.288973156409|126.950935555672;;삼산제|35.29221577561855|126.91846746060646;;나산제|35.29251862246353|126.93315788555167;;고가제|35.31531230160089|126.94932403627277;;궁산제|35.3174146308531|126.91736997360564,33.9,11.3,26.8,18.5,주거,"주거 점수가 가장 높습니다 (학교 수 4, 마트 수 3 기준)"
347,전라남도 담양군 수북면 남산리,2022,활용형,단독주택,미동의,도시과,2023-05-15,35.2903703427903,126.946924357914,정확(리 단위),수북면,4817,하,12/12위,12,0.95,4,3,2,"담양수북중학교, 수북초등학교, 한빛고등학교, 봉산초등학교","영산강, 삼산제, 나산제, 고가제, 궁산제",담양수북중학교|35.2998848118972|126.932339329134;;수북초등학교|35.3011995152582|126.930139282722;;한빛고등학교|35.2915515104499|126.913314395405;;봉산초등학교|35.2771643457718|126.957159478005,영산강|35.288973156409|126.950935555672;;삼산제|35.29221577561855|126.91846746060646;;나산제|35.29251862246353|126.93315788555167;;고가제|35.31531230160089|126.94932403627277;;궁산제|35.3174146308531|126.91736997360564,33.9,11.3,26.8,18.5,주거,"주거 점수가 가장 높습니다 (학교 수 4, 마트 수 3 기준)"
348,전라남도 담양군 수북면 남산리,2022,활용형,단독주택,미동의,도시과,2023-05-15,35.2903703427903,126.946924357914,정확(리 단위),수북면,4817,하,12/12위,12,0.95,4,3,2,"담양수북중학교, 수북초등학교, 한빛고등학교, 봉산초등학교","영산강, 삼산제, 나산제, 고가제, 궁산제",담양수북중학교|35.2998848118972|126.932339329134;;수북초등학교|35.3011995152582|126.930139282722;;한빛고등학교|35.2915515104499|126.913314395405;;봉산초등학교|35.2771643457718|126.957159478005,영산강|35.288973156409|126.950935555672;;삼산제|35.29221577561855|126.91846746060646;;나산제|35.29251862246353|126.93315788555167;;고가제|35.31531230160089|126.94932403627277;;궁산제|35.3174146308531|126.91736997360564,33.9,11.3,26.8,18.5,주거,"주거 점수가 가장 높습니다 (학교 수 4, 마트 수 3 기준)"
349,전라남도 담양군 수북면 남산리,2022,활용형,단독주택,미동의,도시과,2023-05-15,35.2903703427903,126.946924357914,정확(리 단위),수북면,4817,하,12/12위,12,0.95,4,3,2,"담양수북중학교, 수북초등학교, 한빛고등학교, 봉산초등학교","영산강, 삼산제, 나산제, 고가제, 궁산제",담양수북중학교|35.2998848118972|126.932339329134;;수북초등학교|35.3011995152582|126.930139282722;;한빛고등학교|35.2915515104499|126.913314395405;;봉산초등학교|35.2771643457718|126.957159478005,영산강|35.288973156409|126.950935555672;;삼산제|35.29221577561855|126.91846746060646;;나산제|35.29251862246353|126.93315788555167;;고가제|35.31531230160089|126.94932403627277;;궁산제|35.3174146308531|126.91736997360564,33.9,11.3,26.8,18.5,주거,"주거 점수가 가장 높습니다 (학교 수 4, 마트 수 3 기준)"
350,전라남도 담양군 수북면 남산리,2022,활용형,단독주택,미동의,도시과,2023-05-15,35.2903703427903,126.946924357914,정확(리 단위),수북면,4817,하,12/12위,12,0.95,4,3,2,"담양수북중학교, 수북초등학교, 한빛고등학교, 봉산초등학교","영산강, 삼산제, 나산제, 고가제, 궁산제",담양수북중학교|35.2998848118972|126.932339329134;;수북초등학교|35.3011995152582|126.930139282722;;한빛고등학교|35.2915515104499|126.913314395405;;봉산초등학교|35.2771643457718|126.957159478005,영산강|35.288973156409|126.950935555672;;삼산제|35.29221577561855|126.91846746060646;;나산제|35.29251862246353|126.93315788555167;;고가제|35.31531230160089|126.94932403627277;;궁산제|35.3174146308531|126.91736997360564,33.9,11.3,26.8,18.5,주거,"주거 점수가 가장 높습니다 (학교 수 4, 마트 수 3 기준)"
351,전라남도 담양군 수북면 남산리,2022,활용형,단독주택,미동의,도시과,2023-05-15,35.2903703427903,126.946924357914,정확(리 단위),수북면,4817,하,12/12위,12,0.95,4,3,2,"담양수북중학교, 수북초등학교, 한빛고등학교, 봉산초등학교","영산강, 삼산제, 나산제, 고가제, 궁산제",담양수북중학교|35.2998848118972|126.932339329134;;수북초등학교|35.3011995152582|126.930139282722;;한빛고등학교|35.2915515104499|126.913314395405;;봉산초등학교|35.2771643457718|126.957159478005,영산강|35.288973156409|126.950935555672;;삼산제|35.29221577561855|126.91846746060646;;나산제|35.29251862246353|126.93315788555167;;고가제|35.31531230160089|126.94932403627277;;궁산제|35.3174146308531|126.91736997360564,33.9,11.3,26.8,18.5,주거,"주거 점수가 가장 높습니다 (학교 수 4, 마트 수 3 기준)"
352,전라남도 담양군 수북면 남산리,2022,철거형,단독주택,미동의,도시과,2023-05-15,35.2903703427903,126.946924357914,정확(리 단위),수북면,4817,하,12/12위,12,0.95,4,3,2,"담양수북중학교, 수북초등학교, 한빛고등학교, 봉산초등학교","영산강, 삼산제, 나산제, 고가제, 궁산제",담양수북중학교|35.2998848118972|126.932339329134;;수북초등학교|35.3011995152582|126.930139282722;;한빛고등학교|35.2915515104499|126.913314395405;;봉산초등학교|35.2771643457718|126.957159478005,영산강|35.288973156409|126.950935555672;;삼산제|35.29221577561855|126.91846746060646;;나산제|35.29251862246353|126.93315788555167;;고가제|35.31531230160089|126.94932403627277;;궁산제|35.3174146308531|126.91736997360564,33.9,11.3,26.8,18.5,주거,"주거 점수가 가장 높습니다 (학교 수 4, 마트 수 3 기준)"
353,전라남도 담양군 수북면 남산리,2022,활용형,단독주택,미동의,도시과,2023-05-15,35.2903703427903,126.946924357914,정확(리 단위),수북면,4817,하,12/12위,12,0.95,4,3,2,"담양수북중학교, 수북초등학교, 한빛고등학교, 봉산초등학교","영산강, 삼산제, 나산제, 고가제, 궁산제",담양수북중학교|35.2998848118972|126.932339329134;;수북초등학교|35.3011995152582|126.930139282722;;한빛고등학교|35.2915515104499|126.913314395405;;봉산초등학교|35.2771643457718|126.957159478005,영산강|35.288973156409|126.950935555672;;삼산제|35.29221577561855|126.91846746060646;;나산제|35.29251862246353|126.93315788555167;;고가제|35.31531230160089|126.94932403627277;;궁산제|35.3174146308531|126.91736997360564,33.9,11.3,26.8,18.5,주거,"주거 점수가 가장 높습니다 (학교 수 4, 마트 수 3 기준)"
354,전라남도 담양군 수북면 대흥리,2022,활용형,단독주택,미동의,도시과,2023-05-15,35.2926055647145,126.939060277008,정확(리 단위),수북면,4817,하,12/12위,12,0.95,4,3,2,"담양수북중학교, 수북초등학교, 한빛고등학교, 봉산초등학교","영산강, 삼산제, 나산제, 고가제, 궁산제",담양수북중학교|35.2998848118972|126.932339329134;;수북초등학교|35.3011995152582|126.930139282722;;한빛고등학교|35.2915515104499|126.913314395405;;봉산초등학교|35.2771643457718|126.957159478005,영산강|35.288973156409|126.950935555672;;삼산제|35.29221577561855|126.91846746060646;;나산제|35.29251862246353|126.93315788555167;;고가제|35.31531230160089|126.94932403627277;;궁산제|35.3174146308531|126.91736997360564,33.9,11.3,26.8,18.5,주거,"주거 점수가 가장 높습니다 (학교 수 4, 마트 수 3 기준)"
355,전라남도 담양군 수북면 대흥리,2022,철거형,단독주택,미동의,도시과,2023-05-15,35.2926055647145,126.939060277008,정확(리 단위),수북면,4817,하,12/12위,12,0.95,4,3,2,"담양수북중학교, 수북초등학교, 한빛고등학교, 봉산초등학교","영산강, 삼산제, 나산제, 고가제, 궁산제",담양수북중학교|35.2998848118972|126.932339329134;;수북초등학교|35.3011995152582|126.930139282722;;한빛고등학교|35.2915515104499|126.913314395405;;봉산초등학교|35.2771643457718|126.957159478005,영산강|35.288973156409|126.950935555672;;삼산제|35.29221577561855|126.91846746060646;;나산제|35.29251862246353|126.93315788555167;;고가제|35.31531230160089|126.94932403627277;;궁산제|35.3174146308531|126.91736997360564,33.9,11.3,26.8,18.5,주거,"주거 점수가 가장 높습니다 (학교 수 4, 마트 수 3 기준)"
356,전라남도 담양군 수북면 대흥리,2022,활용형,단독주택,미동의,도시과,2023-05-15,35.2926055647145,126.939060277008,정확(리 단위),수북면,4817,하,12/12위,12,0.95,4,3,2,"담양수북중학교, 수북초등학교, 한빛고등학교, 봉산초등학교","영산강, 삼산제, 나산제, 고가제, 궁산제",담양수북중학교|35.2998848118972|126.932339329134;;수북초등학교|35.3011995152582|126.930139282722;;한빛고등학교|35.2915515104499|126.913314395405;;봉산초등학교|35.2771643457718|126.957159478005,영산강|35.288973156409|126.950935555672;;삼산제|35.29221577561855|126.91846746060646;;나산제|35.29251862246353|126.93315788555167;;고가제|35.31531230160089|126.94932403627277;;궁산제|35.3174146308531|126.91736997360564,33.9,11.3,26.8,18.5,주거,"주거 점수가 가장 높습니다 (학교 수 4, 마트 수 3 기준)"
357,전라남도 담양군 수북면 대흥리,2022,활용형,단독주택,미동의,도시과,2023-05-15,35.2926055647145,126.939060277008,정확(리 단위),수북면,4817,하,12/12위,12,0.95,4,3,2,"담양수북중학교, 수북초등학교, 한빛고등학교, 봉산초등학교","영산강, 삼산제, 나산제, 고가제, 궁산제",담양수북중학교|35.2998848118972|126.932339329134;;수북초등학교|35.3011995152582|126.930139282722;;한빛고등학교|35.2915515104499|126.913314395405;;봉산초등학교|35.2771643457718|126.957159478005,영산강|35.288973156409|126.950935555672;;삼산제|35.29221577561855|126.91846746060646;;나산제|35.29251862246353|126.93315788555167;;고가제|35.31531230160089|126.94932403627277;;궁산제|35.3174146308531|126.91736997360564,33.9,11.3,26.8,18.5,주거,"주거 점수가 가장 높습니다 (학교 수 4, 마트 수 3 기준)"
358,전라남도 담양군 수북면 대흥리,2022,철거형,단독주택,미동의,도시과,2023-05-15,35.2926055647145,126.939060277008,정확(리 단위),수북면,4817,하,12/12위,12,0.95,4,3,2,"담양수북중학교, 수북초등학교, 한빛고등학교, 봉산초등학교","영산강, 삼산제, 나산제, 고가제, 궁산제",담양수북중학교|35.2998848118972|126.932339329134;;수북초등학교|35.3011995152582|126.930139282722;;한빛고등학교|35.2915515104499|126.913314395405;;봉산초등학교|35.2771643457718|126.957159478005,영산강|35.288973156409|126.950935555672;;삼산제|35.29221577561855|126.91846746060646;;나산제|35.29251862246353|126.93315788555167;;고가제|35.31531230160089|126.94932403627277;;궁산제|35.3174146308531|126.91736997360564,33.9,11.3,26.8,18.5,주거,"주거 점수가 가장 높습니다 (학교 수 4, 마트 수 3 기준)"
359,전라남도 담양군 수북면 대흥리,2022,활용형,단독주택,미동의,도시과,2023-05-15,35.2926055647145,126.939060277008,정확(리 단위),수북면,4817,하,12/12위,12,0.95,4,3,2,"담양수북중학교, 수북초등학교, 한빛고등학교, 봉산초등학교","영산강, 삼산제, 나산제, 고가제, 궁산제",담양수북중학교|35.2998848118972|126.932339329134;;수북초등학교|35.3011995152582|126.930139282722;;한빛고등학교|35.2915515104499|126.913314395405;;봉산초등학교|35.2771643457718|126.957159478005,영산강|35.288973156409|126.950935555672;;삼산제|35.29221577561855|126.91846746060646;;나산제|35.29251862246353|126.93315788555167;;고가제|35.31531230160089|126.94932403627277;;궁산제|35.3174146308531|126.91736997360564,33.9,11.3,26.8,18.5,주거,"주거 점수가 가장 높습니다 (학교 수 4, 마트 수 3 기준)"
360,전라남도 담양군 수북면 대흥리,2022,활용형,단독주택,미동의,도시과,2023-05-15,35.2926055647145,126.939060277008,정확(리 단위),수북면,4817,하,12/12위,12,0.95,4,3,2,"담양수북중학교, 수북초등학교, 한빛고등학교, 봉산초등학교","영산강, 삼산제, 나산제, 고가제, 궁산제",담양수북중학교|35.2998848118972|126.932339329134;;수북초등학교|35.3011995152582|126.930139282722;;한빛고등학교|35.2915515104499|126.913314395405;;봉산초등학교|35.2771643457718|126.957159478005,영산강|35.288973156409|126.950935555672;;삼산제|35.29221577561855|126.91846746060646;;나산제|35.29251862246353|126.93315788555167;;고가제|35.31531230160089|126.94932403627277;;궁산제|35.3174146308531|126.91736997360564,33.9,11.3,26.8,18.5,주거,"주거 점수가 가장 높습니다 (학교 수 4, 마트 수 3 기준)"
361,전라남도 담양군 수북면 대흥리,2022,활용형,단독주택,미동의,도시과,2023-05-15,35.2926055647145,126.939060277008,정확(리 단위),수북면,4817,하,12/12위,12,0.95,4,3,2,"담양수북중학교, 수북초등학교, 한빛고등학교, 봉산초등학교","영산강, 삼산제, 나산제, 고가제, 궁산제",담양수북중학교|35.2998848118972|126.932339329134;;수북초등학교|35.3011995152582|126.930139282722;;한빛고등학교|35.2915515104499|126.913314395405;;봉산초등학교|35.2771643457718|126.957159478005,영산강|35.288973156409|126.950935555672;;삼산제|35.29221577561855|126.91846746060646;;나산제|35.29251862246353|126.93315788555167;;고가제|35.31531230160089|126.94932403627277;;궁산제|35.3174146308531|126.91736997360564,33.9,11.3,26.8,18.5,주거,"주거 점수가 가장 높습니다 (학교 수 4, 마트 수 3 기준)"
362,전라남도 담양군 수북면 대흥리,2022,활용형,단독주택,미동의,도시과,2023-05-15,35.2926055647145,126.939060277008,정확(리 단위),수북면,4817,하,12/12위,12,0.95,4,3,2,"담양수북중학교, 수북초등학교, 한빛고등학교, 봉산초등학교","영산강, 삼산제, 나산제, 고가제, 궁산제",담양수북중학교|35.2998848118972|126.932339329134;;수북초등학교|35.3011995152582|126.930139282722;;한빛고등학교|35.2915515104499|126.913314395405;;봉산초등학교|35.2771643457718|126.957159478005,영산강|35.288973156409|126.950935555672;;삼산제|35.29221577561855|126.91846746060646;;나산제|35.29251862246353|126.93315788555167;;고가제|35.31531230160089|126.94932403627277;;궁산제|35.3174146308531|126.91736997360564,33.9,11.3,26.8,18.5,주거,"주거 점수가 가장 높습니다 (학교 수 4, 마트 수 3 기준)"
363,전라남도 담양군 수북면 수북리,2022,활용형,단독주택,미동의,도시과,2023-05-15,35.3013578932935,126.929694957424,정확(리 단위),수북면,4817,하,12/12위,12,0.95,4,3,2,"담양수북중학교, 수북초등학교, 한빛고등학교, 봉산초등학교","영산강, 삼산제, 나산제, 고가제, 궁산제",담양수북중학교|35.2998848118972|126.932339329134;;수북초등학교|35.3011995152582|126.930139282722;;한빛고등학교|35.2915515104499|126.913314395405;;봉산초등학교|35.2771643457718|126.957159478005,영산강|35.288973156409|126.950935555672;;삼산제|35.29221577561855|126.91846746060646;;나산제|35.29251862246353|126.93315788555167;;고가제|35.31531230160089|126.94932403627277;;궁산제|35.3174146308531|126.91736997360564,33.9,11.3,26.8,18.5,주거,"주거 점수가 가장 높습니다 (학교 수 4, 마트 수 3 기준)"
364,전라남도 담양군 수북면 수북리,2022,활용형,단독주택,미동의,도시과,2023-05-15,35.3013578932935,126.929694957424,정확(리 단위),수북면,4817,하,12/12위,12,0.95,4,3,2,"담양수북중학교, 수북초등학교, 한빛고등학교, 봉산초등학교","영산강, 삼산제, 나산제, 고가제, 궁산제",담양수북중학교|35.2998848118972|126.932339329134;;수북초등학교|35.3011995152582|126.930139282722;;한빛고등학교|35.2915515104499|126.913314395405;;봉산초등학교|35.2771643457718|126.957159478005,영산강|35.288973156409|126.950935555672;;삼산제|35.29221577561855|126.91846746060646;;나산제|35.29251862246353|126.93315788555167;;고가제|35.31531230160089|126.94932403627277;;궁산제|35.3174146308531|126.91736997360564,33.9,11.3,26.8,18.5,주거,"주거 점수가 가장 높습니다 (학교 수 4, 마트 수 3 기준)"
365,전라남도 담양군 수북면 수북리,2022,활용형,단독주택,미동의,도시과,2023-05-15,35.3013578932935,126.929694957424,정확(리 단위),수북면,4817,하,12/12위,12,0.95,4,3,2,"담양수북중학교, 수북초등학교, 한빛고등학교, 봉산초등학교","영산강, 삼산제, 나산제, 고가제, 궁산제",담양수북중학교|35.2998848118972|126.932339329134;;수북초등학교|35.3011995152582|126.930139282722;;한빛고등학교|35.2915515104499|126.913314395405;;봉산초등학교|35.2771643457718|126.957159478005,영산강|35.288973156409|126.950935555672;;삼산제|35.29221577561855|126.91846746060646;;나산제|35.29251862246353|126.93315788555167;;고가제|35.31531230160089|126.94932403627277;;궁산제|35.3174146308531|126.91736997360564,33.9,11.3,26.8,18.5,주거,"주거 점수가 가장 높습니다 (학교 수 4, 마트 수 3 기준)"
366,전라남도 담양군 대전면 대치리,2022,활용형,단독주택,미동의,도시과,2023-05-15,35.2770047536041,126.888040686222,정확(리 단위),대전면,4341,하,10/12위,28,0.74,3,1,1,"한재중학교, 한재초등학교, 한빛고등학교","담양대나무숲 인증센터, 두리농원, 행성제, 다화림식물원&치유정원, 태목리대나무군락",한재중학교|35.2747825221155|126.890532148537;;한재초등학교|35.27849479627|126.889155390892;;한빛고등학교|35.2915515104499|126.913314395405,담양대나무숲 인증센터|35.2472422491594|126.891861303759;;두리농원|35.26464878305685|126.92634071709402;;행성제|35.292695216181734|126.90032202967599;;다화림식물원&치유정원|35.296204731496566|126.89780338037102;;태목리대나무군락|35.254529944511|126.897400793419,15.2,24.3,43.8,22.8,게스트하우스펜션,"게스트하우스펜션 점수가 가장 높습니다 (관광명소 수 28, 공원 수 4 기준)"
367,전라남도 담양군 대전면 대치리,2022,활용형,단독주택,미동의,도시과,2023-05-15,35.2770047536041,126.888040686222,정확(리 단위),대전면,4341,하,10/12위,28,0.74,3,1,1,"한재중학교, 한재초등학교, 한빛고등학교","담양대나무숲 인증센터, 두리농원, 행성제, 다화림식물원&치유정원, 태목리대나무군락",한재중학교|35.2747825221155|126.890532148537;;한재초등학교|35.27849479627|126.889155390892;;한빛고등학교|35.2915515104499|126.913314395405,담양대나무숲 인증센터|35.2472422491594|126.891861303759;;두리농원|35.26464878305685|126.92634071709402;;행성제|35.292695216181734|126.90032202967599;;다화림식물원&치유정원|35.296204731496566|126.89780338037102;;태목리대나무군락|35.254529944511|126.897400793419,15.2,24.3,43.8,22.8,게스트하우스펜션,"게스트하우스펜션 점수가 가장 높습니다 (관광명소 수 28, 공원 수 4 기준)"
368,전라남도 담양군 대전면 대치리,2022,활용형,단독주택,미동의,도시과,2023-05-15,35.2770047536041,126.888040686222,정확(리 단위),대전면,4341,하,10/12위,28,0.74,3,1,1,"한재중학교, 한재초등학교, 한빛고등학교","담양대나무숲 인증센터, 두리농원, 행성제, 다화림식물원&치유정원, 태목리대나무군락",한재중학교|35.2747825221155|126.890532148537;;한재초등학교|35.27849479627|126.889155390892;;한빛고등학교|35.2915515104499|126.913314395405,담양대나무숲 인증센터|35.2472422491594|126.891861303759;;두리농원|35.26464878305685|126.92634071709402;;행성제|35.292695216181734|126.90032202967599;;다화림식물원&치유정원|35.296204731496566|126.89780338037102;;태목리대나무군락|35.254529944511|126.897400793419,15.2,24.3,43.8,22.8,게스트하우스펜션,"게스트하우스펜션 점수가 가장 높습니다 (관광명소 수 28, 공원 수 4 기준)"
369,전라남도 담양군 대전면 대치리,2022,활용형,단독주택,미동의,도시과,2023-05-15,35.2770047536041,126.888040686222,정확(리 단위),대전면,4341,하,10/12위,28,0.74,3,1,1,"한재중학교, 한재초등학교, 한빛고등학교","담양대나무숲 인증센터, 두리농원, 행성제, 다화림식물원&치유정원, 태목리대나무군락",한재중학교|35.2747825221155|126.890532148537;;한재초등학교|35.27849479627|126.889155390892;;한빛고등학교|35.2915515104499|126.913314395405,담양대나무숲 인증센터|35.2472422491594|126.891861303759;;두리농원|35.26464878305685|126.92634071709402;;행성제|35.292695216181734|126.90032202967599;;다화림식물원&치유정원|35.296204731496566|126.89780338037102;;태목리대나무군락|35.254529944511|126.897400793419,15.2,24.3,43.8,22.8,게스트하우스펜션,"게스트하우스펜션 점수가 가장 높습니다 (관광명소 수 28, 공원 수 4 기준)"
370,전라남도 담양군 대전면 중옥리,2022,활용형,단독주택,미동의,도시과,2023-05-15,35.2642073318445,126.882176574912,정확(리 단위),대전면,4341,하,10/12위,28,0.74,3,1,1,"한재중학교, 한재초등학교, 한빛고등학교","담양대나무숲 인증센터, 두리농원, 행성제, 다화림식물원&치유정원, 태목리대나무군락",한재중학교|35.2747825221155|126.890532148537;;한재초등학교|35.27849479627|126.889155390892;;한빛고등학교|35.2915515104499|126.913314395405,담양대나무숲 인증센터|35.2472422491594|126.891861303759;;두리농원|35.26464878305685|126.92634071709402;;행성제|35.292695216181734|126.90032202967599;;다화림식물원&치유정원|35.296204731496566|126.89780338037102;;태목리대나무군락|35.254529944511|126.897400793419,15.2,24.3,43.8,22.8,게스트하우스펜션,"게스트하우스펜션 점수가 가장 높습니다 (관광명소 수 28, 공원 수 4 기준)"
371,전라남도 담양군 대전면 응용리,2022,철거형,단독주택,미동의,도시과,2023-05-15,35.2522234037477,126.886307876576,정확(리 단위),대전면,4341,하,10/12위,28,0.74,3,1,1,"한재중학교, 한재초등학교, 한빛고등학교","담양대나무숲 인증센터, 두리농원, 행성제, 다화림식물원&치유정원, 태목리대나무군락",한재중학교|35.2747825221155|126.890532148537;;한재초등학교|35.27849479627|126.889155390892;;한빛고등학교|35.2915515104499|126.913314395405,담양대나무숲 인증센터|35.2472422491594|126.891861303759;;두리농원|35.26464878305685|126.92634071709402;;행성제|35.292695216181734|126.90032202967599;;다화림식물원&치유정원|35.296204731496566|126.89780338037102;;태목리대나무군락|35.254529944511|126.897400793419,15.2,24.3,43.8,22.8,게스트하우스펜션,"게스트하우스펜션 점수가 가장 높습니다 (관광명소 수 28, 공원 수 4 기준)"
372,전라남도 담양군 대전면 응용리,2022,철거형,단독주택,미동의,도시과,2023-05-15,35.2522234037477,126.886307876576,정확(리 단위),대전면,4341,하,10/12위,28,0.74,3,1,1,"한재중학교, 한재초등학교, 한빛고등학교","담양대나무숲 인증센터, 두리농원, 행성제, 다화림식물원&치유정원, 태목리대나무군락",한재중학교|35.2747825221155|126.890532148537;;한재초등학교|35.27849479627|126.889155390892;;한빛고등학교|35.2915515104499|126.913314395405,담양대나무숲 인증센터|35.2472422491594|126.891861303759;;두리농원|35.26464878305685|126.92634071709402;;행성제|35.292695216181734|126.90032202967599;;다화림식물원&치유정원|35.296204731496566|126.89780338037102;;태목리대나무군락|35.254529944511|126.897400793419,15.2,24.3,43.8,22.8,게스트하우스펜션,"게스트하우스펜션 점수가 가장 높습니다 (관광명소 수 28, 공원 수 4 기준)"
373,전라남도 담양군 대전면 응용리,2022,활용형,단독주택,미동의,도시과,2023-05-15,35.2522234037477,126.886307876576,정확(리 단위),대전면,4341,하,10/12위,28,0.74,3,1,1,"한재중학교, 한재초등학교, 한빛고등학교","담양대나무숲 인증센터, 두리농원, 행성제, 다화림식물원&치유정원, 태목리대나무군락",한재중학교|35.2747825221155|126.890532148537;;한재초등학교|35.27849479627|126.889155390892;;한빛고등학교|35.2915515104499|126.913314395405,담양대나무숲 인증센터|35.2472422491594|126.891861303759;;두리농원|35.26464878305685|126.92634071709402;;행성제|35.292695216181734|126.90032202967599;;다화림식물원&치유정원|35.296204731496566|126.89780338037102;;태목리대나무군락|35.254529944511|126.897400793419,15.2,24.3,43.8,22.8,게스트하우스펜션,"게스트하우스펜션 점수가 가장 높습니다 (관광명소 수 28, 공원 수 4 기준)"
374,전라남도 담양군 대전면 응용리,2022,활용형,단독주택,미동의,도시과,2023-05-15,35.2522234037477,126.886307876576,정확(리 단위),대전면,4341,하,10/12위,28,0.74,3,1,1,"한재중학교, 한재초등학교, 한빛고등학교","담양대나무숲 인증센터, 두리농원, 행성제, 다화림식물원&치유정원, 태목리대나무군락",한재중학교|35.2747825221155|126.890532148537;;한재초등학교|35.27849479627|126.889155390892;;한빛고등학교|35.2915515104499|126.913314395405,담양대나무숲 인증센터|35.2472422491594|126.891861303759;;두리농원|35.26464878305685|126.92634071709402;;행성제|35.292695216181734|126.90032202967599;;다화림식물원&치유정원|35.296204731496566|126.89780338037102;;태목리대나무군락|35.254529944511|126.897400793419,15.2,24.3,43.8,22.8,게스트하우스펜션,"게스트하우스펜션 점수가 가장 높습니다 (관광명소 수 28, 공원 수 4 기준)"
375,전라남도 담양군 대전면 응용리,2022,활용형,단독주택,미동의,도시과,2023-05-15,35.2522234037477,126.886307876576,정확(리 단위),대전면,4341,하,10/12위,28,0.74,3,1,1,"한재중학교, 한재초등학교, 한빛고등학교","담양대나무숲 인증센터, 두리농원, 행성제, 다화림식물원&치유정원, 태목리대나무군락",한재중학교|35.2747825221155|126.890532148537;;한재초등학교|35.27849479627|126.889155390892;;한빛고등학교|35.2915515104499|126.913314395405,담양대나무숲 인증센터|35.2472422491594|126.891861303759;;두리농원|35.26464878305685|126.92634071709402;;행성제|35.292695216181734|126.90032202967599;;다화림식물원&치유정원|35.296204731496566|126.89780338037102;;태목리대나무군락|35.254529944511|126.897400793419,15.2,24.3,43.8,22.8,게스트하우스펜션,"게스트하우스펜션 점수가 가장 높습니다 (관광명소 수 28, 공원 수 4 기준)"
376,전라남도 담양군 대전면 응용리,2022,활용형,단독주택,미동의,도시과,2023-05-15,35.2522234037477,126.886307876576,정확(리 단위),대전면,4341,하,10/12위,28,0.74,3,1,1,"한재중학교, 한재초등학교, 한빛고등학교","담양대나무숲 인증센터, 두리농원, 행성제, 다화림식물원&치유정원, 태목리대나무군락",한재중학교|35.2747825221155|126.890532148537;;한재초등학교|35.27849479627|126.889155390892;;한빛고등학교|35.2915515104499|126.913314395405,담양대나무숲 인증센터|35.2472422491594|126.891861303759;;두리농원|35.26464878305685|126.92634071709402;;행성제|35.292695216181734|126.90032202967599;;다화림식물원&치유정원|35.296204731496566|126.89780338037102;;태목리대나무군락|35.254529944511|126.897400793419,15.2,24.3,43.8,22.8,게스트하우스펜션,"게스트하우스펜션 점수가 가장 높습니다 (관광명소 수 28, 공원 수 4 기준)"
377,전라남도 담양군 대전면 응용리,2022,활용형,단독주택,미동의,도시과,2023-05-15,35.2522234037477,126.886307876576,정확(리 단위),대전면,4341,하,10/12위,28,0.74,3,1,1,"한재중학교, 한재초등학교, 한빛고등학교","담양대나무숲 인증센터, 두리농원, 행성제, 다화림식물원&치유정원, 태목리대나무군락",한재중학교|35.2747825221155|126.890532148537;;한재초등학교|35.27849479627|126.889155390892;;한빛고등학교|35.2915515104499|126.913314395405,담양대나무숲 인증센터|35.2472422491594|126.891861303759;;두리농원|35.26464878305685|126.92634071709402;;행성제|35.292695216181734|126.90032202967599;;다화림식물원&치유정원|35.296204731496566|126.89780338037102;;태목리대나무군락|35.254529944511|126.897400793419,15.2,24.3,43.8,22.8,게스트하우스펜션,"게스트하우스펜션 점수가 가장 높습니다 (관광명소 수 28, 공원 수 4 기준)"
378,전라남도 담양군 대전면 응용리,2022,활용형,단독주택,미동의,도시과,2023-05-15,35.2522234037477,126.886307876576,정확(리 단위),대전면,4341,하,10/12위,28,0.74,3,1,1,"한재중학교, 한재초등학교, 한빛고등학교","담양대나무숲 인증센터, 두리농원, 행성제, 다화림식물원&치유정원, 태목리대나무군락",한재중학교|35.2747825221155|126.890532148537;;한재초등학교|35.27849479627|126.889155390892;;한빛고등학교|35.2915515104499|126.913314395405,담양대나무숲 인증센터|35.2472422491594|126.891861303759;;두리농원|35.26464878305685|126.92634071709402;;행성제|35.292695216181734|126.90032202967599;;다화림식물원&치유정원|35.296204731496566|126.89780338037102;;태목리대나무군락|35.254529944511|126.897400793419,15.2,24.3,43.8,22.8,게스트하우스펜션,"게스트하우스펜션 점수가 가장 높습니다 (관광명소 수 28, 공원 수 4 기준)"
379,전라남도 담양군 대전면 응용리,2022,활용형,단독주택,미동의,도시과,2023-05-15,35.2522234037477,126.886307876576,정확(리 단위),대전면,4341,하,10/12위,28,0.74,3,1,1,"한재중학교, 한재초등학교, 한빛고등학교","담양대나무숲 인증센터, 두리농원, 행성제, 다화림식물원&치유정원, 태목리대나무군락",한재중학교|35.2747825221155|126.890532148537;;한재초등학교|35.27849479627|126.889155390892;;한빛고등학교|35.2915515104499|126.913314395405,담양대나무숲 인증센터|35.2472422491594|126.891861303759;;두리농원|35.26464878305685|126.92634071709402;;행성제|35.292695216181734|126.90032202967599;;다화림식물원&치유정원|35.296204731496566|126.89780338037102;;태목리대나무군락|35.254529944511|126.897400793419,15.2,24.3,43.8,22.8,게스트하우스펜션,"게스트하우스펜션 점수가 가장 높습니다 (관광명소 수 28, 공원 수 4 기준)"
380,전라남도 담양군 대전면 응용리,2022,활용형,단독주택,미동의,도시과,2023-05-15,35.2522234037477,126.886307876576,정확(리 단위),대전면,4341,하,10/12위,28,0.74,3,1,1,"한재중학교, 한재초등학교, 한빛고등학교","담양대나무숲 인증센터, 두리농원, 행성제, 다화림식물원&치유정원, 태목리대나무군락",한재중학교|35.2747825221155|126.890532148537;;한재초등학교|35.27849479627|126.889155390892;;한빛고등학교|35.2915515104499|126.913314395405,담양대나무숲 인증센터|35.2472422491594|126.891861303759;;두리농원|35.26464878305685|126.92634071709402;;행성제|35.292695216181734|126.90032202967599;;다화림식물원&치유정원|35.296204731496566|126.89780338037102;;태목리대나무군락|35.254529944511|126.897400793419,15.2,24.3,43.8,22.8,게스트하우스펜션,"게스트하우스펜션 점수가 가장 높습니다 (관광명소 수 28, 공원 수 4 기준)"
381,전라남도 담양군 대전면 응용리,2022,활용형,단독주택,미동의,도시과,2023-05-15,35.2522234037477,126.886307876576,정확(리 단위),대전면,4341,하,10/12위,28,0.74,3,1,1,"한재중학교, 한재초등학교, 한빛고등학교","담양대나무숲 인증센터, 두리농원, 행성제, 다화림식물원&치유정원, 태목리대나무군락",한재중학교|35.2747825221155|126.890532148537;;한재초등학교|35.27849479627|126.889155390892;;한빛고등학교|35.2915515104499|126.913314395405,담양대나무숲 인증센터|35.2472422491594|126.891861303759;;두리농원|35.26464878305685|126.92634071709402;;행성제|35.292695216181734|126.90032202967599;;다화림식물원&치유정원|35.296204731496566|126.89780338037102;;태목리대나무군락|35.254529944511|126.897400793419,15.2,24.3,43.8,22.8,게스트하우스펜션,"게스트하우스펜션 점수가 가장 높습니다 (관광명소 수 28, 공원 수 4 기준)"
382,전라남도 담양군 대전면 응용리,2022,활용형,단독주택,미동의,도시과,2023-05-15,35.2522234037477,126.886307876576,정확(리 단위),대전면,4341,하,10/12위,28,0.74,3,1,1,"한재중학교, 한재초등학교, 한빛고등학교","담양대나무숲 인증센터, 두리농원, 행성제, 다화림식물원&치유정원, 태목리대나무군락",한재중학교|35.2747825221155|126.890532148537;;한재초등학교|35.27849479627|126.889155390892;;한빛고등학교|35.2915515104499|126.913314395405,담양대나무숲 인증센터|35.2472422491594|126.891861303759;;두리농원|35.26464878305685|126.92634071709402;;행성제|35.292695216181734|126.90032202967599;;다화림식물원&치유정원|35.296204731496566|126.89780338037102;;태목리대나무군락|35.254529944511|126.897400793419,15.2,24.3,43.8,22.8,게스트하우스펜션,"게스트하우스펜션 점수가 가장 높습니다 (관광명소 수 28, 공원 수 4 기준)"
383,전라남도 담양군 대전면 태목리,2022,활용형,단독주택,미동의,도시과,2023-05-15,35.2591840894598,126.89693118896,정확(리 단위),대전면,4341,하,10/12위,28,0.74,3,1,1,"한재중학교, 한재초등학교, 한빛고등학교","담양대나무숲 인증센터, 두리농원, 행성제, 다화림식물원&치유정원, 태목리대나무군락",한재중학교|35.2747825221155|126.890532148537;;한재초등학교|35.27849479627|126.889155390892;;한빛고등학교|35.2915515104499|126.913314395405,담양대나무숲 인증센터|35.2472422491594|126.891861303759;;두리농원|35.26464878305685|126.92634071709402;;행성제|35.292695216181734|126.90032202967599;;다화림식물원&치유정원|35.296204731496566|126.89780338037102;;태목리대나무군락|35.254529944511|126.897400793419,15.2,24.3,43.8,22.8,게스트하우스펜션,"게스트하우스펜션 점수가 가장 높습니다 (관광명소 수 28, 공원 수 4 기준)"
384,전라남도 담양군 대전면 태목리,2022,활용형,단독주택,미동의,도시과,2023-05-15,35.2591840894598,126.89693118896,정확(리 단위),대전면,4341,하,10/12위,28,0.74,3,1,1,"한재중학교, 한재초등학교, 한빛고등학교","담양대나무숲 인증센터, 두리농원, 행성제, 다화림식물원&치유정원, 태목리대나무군락",한재중학교|35.2747825221155|126.890532148537;;한재초등학교|35.27849479627|126.889155390892;;한빛고등학교|35.2915515104499|126.913314395405,담양대나무숲 인증센터|35.2472422491594|126.891861303759;;두리농원|35.26464878305685|126.92634071709402;;행성제|35.292695216181734|126.90032202967599;;다화림식물원&치유정원|35.296204731496566|126.89780338037102;;태목리대나무군락|35.254529944511|126.897400793419,15.2,24.3,43.8,22.8,게스트하우스펜션,"게스트하우스펜션 점수가 가장 높습니다 (관광명소 수 28, 공원 수 4 기준)"
385,전라남도 담양군 대전면 태목리,2022,철거형,단독주택,미동의,도시과,2023-05-15,35.2591840894598,126.89693118896,정확(리 단위),대전면,4341,하,10/12위,28,0.74,3,1,1,"한재중학교, 한재초등학교, 한빛고등학교","담양대나무숲 인증센터, 두리농원, 행성제, 다화림식물원&치유정원, 태목리대나무군락",한재중학교|35.2747825221155|126.890532148537;;한재초등학교|35.27849479627|126.889155390892;;한빛고등학교|35.2915515104499|126.913314395405,담양대나무숲 인증센터|35.2472422491594|126.891861303759;;두리농원|35.26464878305685|126.92634071709402;;행성제|35.292695216181734|126.90032202967599;;다화림식물원&치유정원|35.296204731496566|126.89780338037102;;태목리대나무군락|35.254529944511|126.897400793419,15.2,24.3,43.8,22.8,게스트하우스펜션,"게스트하우스펜션 점수가 가장 높습니다 (관광명소 수 28, 공원 수 4 기준)"
386,전라남도 담양군 대전면 태목리,2022,활용형,단독주택,미동의,도시과,2023-05-15,35.2591840894598,126.89693118896,정확(리 단위),대전면,4341,하,10/12위,28,0.74,3,1,1,"한재중학교, 한재초등학교, 한빛고등학교","담양대나무숲 인증센터, 두리농원, 행성제, 다화림식물원&치유정원, 태목리대나무군락",한재중학교|35.2747825221155|126.890532148537;;한재초등학교|35.27849479627|126.889155390892;;한빛고등학교|35.2915515104499|126.913314395405,담양대나무숲 인증센터|35.2472422491594|126.891861303759;;두리농원|35.26464878305685|126.92634071709402;;행성제|35.292695216181734|126.90032202967599;;다화림식물원&치유정원|35.296204731496566|126.89780338037102;;태목리대나무군락|35.254529944511|126.897400793419,15.2,24.3,43.8,22.8,게스트하우스펜션,"게스트하우스펜션 점수가 가장 높습니다 (관광명소 수 28, 공원 수 4 기준)"
387,전라남도 담양군 대전면 태목리,2022,활용형,단독주택,미동의,도시과,2023-05-15,35.2591840894598,126.89693118896,정확(리 단위),대전면,4341,하,10/12위,28,0.74,3,1,1,"한재중학교, 한재초등학교, 한빛고등학교","담양대나무숲 인증센터, 두리농원, 행성제, 다화림식물원&치유정원, 태목리대나무군락",한재중학교|35.2747825221155|126.890532148537;;한재초등학교|35.27849479627|126.889155390892;;한빛고등학교|35.2915515104499|126.913314395405,담양대나무숲 인증센터|35.2472422491594|126.891861303759;;두리농원|35.26464878305685|126.92634071709402;;행성제|35.292695216181734|126.90032202967599;;다화림식물원&치유정원|35.296204731496566|126.89780338037102;;태목리대나무군락|35.254529944511|126.897400793419,15.2,24.3,43.8,22.8,게스트하우스펜션,"게스트하우스펜션 점수가 가장 높습니다 (관광명소 수 28, 공원 수 4 기준)"
388,전라남도 담양군 대전면 월본리,2022,활용형,단독주택,미동의,도시과,2023-05-15,35.2735990735875,126.902118282046,정확(리 단위),대전면,4341,하,10/12위,28,0.74,3,1,1,"한재중학교, 한재초등학교, 한빛고등학교","담양대나무숲 인증센터, 두리농원, 행성제, 다화림식물원&치유정원, 태목리대나무군락",한재중학교|35.2747825221155|126.890532148537;;한재초등학교|35.27849479627|126.889155390892;;한빛고등학교|35.2915515104499|126.913314395405,담양대나무숲 인증센터|35.2472422491594|126.891861303759;;두리농원|35.26464878305685|126.92634071709402;;행성제|35.292695216181734|126.90032202967599;;다화림식물원&치유정원|35.296204731496566|126.89780338037102;;태목리대나무군락|35.254529944511|126.897400793419,15.2,24.3,43.8,22.8,게스트하우스펜션,"게스트하우스펜션 점수가 가장 높습니다 (관광명소 수 28, 공원 수 4 기준)"
389,전라남도 담양군 대전면 월본리,2022,활용형,단독주택,미동의,도시과,2023-05-15,35.2735990735875,126.902118282046,정확(리 단위),대전면,4341,하,10/12위,28,0.74,3,1,1,"한재중학교, 한재초등학교, 한빛고등학교","담양대나무숲 인증센터, 두리농원, 행성제, 다화림식물원&치유정원, 태목리대나무군락",한재중학교|35.2747825221155|126.890532148537;;한재초등학교|35.27849479627|126.889155390892;;한빛고등학교|35.2915515104499|126.913314395405,담양대나무숲 인증센터|35.2472422491594|126.891861303759;;두리농원|35.26464878305685|126.92634071709402;;행성제|35.292695216181734|126.90032202967599;;다화림식물원&치유정원|35.296204731496566|126.89780338037102;;태목리대나무군락|35.254529944511|126.897400793419,15.2,24.3,43.8,22.8,게스트하우스펜션,"게스트하우스펜션 점수가 가장 높습니다 (관광명소 수 28, 공원 수 4 기준)"
390,전라남도 담양군 대전면 월본리,2022,활용형,단독주택,미동의,도시과,2023-05-15,35.2735990735875,126.902118282046,정확(리 단위),대전면,4341,하,10/12위,28,0.74,3,1,1,"한재중학교, 한재초등학교, 한빛고등학교","담양대나무숲 인증센터, 두리농원, 행성제, 다화림식물원&치유정원, 태목리대나무군락",한재중학교|35.2747825221155|126.890532148537;;한재초등학교|35.27849479627|126.889155390892;;한빛고등학교|35.2915515104499|126.913314395405,담양대나무숲 인증센터|35.2472422491594|126.891861303759;;두리농원|35.26464878305685|126.92634071709402;;행성제|35.292695216181734|126.90032202967599;;다화림식물원&치유정원|35.296204731496566|126.89780338037102;;태목리대나무군락|35.254529944511|126.897400793419,15.2,24.3,43.8,22.8,게스트하우스펜션,"게스트하우스펜션 점수가 가장 높습니다 (관광명소 수 28, 공원 수 4 기준)"
391,전라남도 담양군 대전면 월본리,2022,철거형,단독주택,미동의,도시과,2023-05-15,35.2735990735875,126.902118282046,정확(리 단위),대전면,4341,하,10/12위,28,0.74,3,1,1,"한재중학교, 한재초등학교, 한빛고등학교","담양대나무숲 인증센터, 두리농원, 행성제, 다화림식물원&치유정원, 태목리대나무군락",한재중학교|35.2747825221155|126.890532148537;;한재초등학교|35.27849479627|126.889155390892;;한빛고등학교|35.2915515104499|126.913314395405,담양대나무숲 인증센터|35.2472422491594|126.891861303759;;두리농원|35.26464878305685|126.92634071709402;;행성제|35.292695216181734|126.90032202967599;;다화림식물원&치유정원|35.296204731496566|126.89780338037102;;태목리대나무군락|35.254529944511|126.897400793419,15.2,24.3,43.8,22.8,게스트하우스펜션,"게스트하우스펜션 점수가 가장 높습니다 (관광명소 수 28, 공원 수 4 기준)"
392,전라남도 담양군 대전면 월본리,2022,활용형,단독주택,미동의,도시과,2023-05-15,35.2735990735875,126.902118282046,정확(리 단위),대전면,4341,하,10/12위,28,0.74,3,1,1,"한재중학교, 한재초등학교, 한빛고등학교","담양대나무숲 인증센터, 두리농원, 행성제, 다화림식물원&치유정원, 태목리대나무군락",한재중학교|35.2747825221155|126.890532148537;;한재초등학교|35.27849479627|126.889155390892;;한빛고등학교|35.2915515104499|126.913314395405,담양대나무숲 인증센터|35.2472422491594|126.891861303759;;두리농원|35.26464878305685|126.92634071709402;;행성제|35.292695216181734|126.90032202967599;;다화림식물원&치유정원|35.296204731496566|126.89780338037102;;태목리대나무군락|35.254529944511|126.897400793419,15.2,24.3,43.8,22.8,게스트하우스펜션,"게스트하우스펜션 점수가 가장 높습니다 (관광명소 수 28, 공원 수 4 기준)"
393,전라남도 담양군 대전면 병풍리,2022,활용형,단독주택,미동의,도시과,2023-05-15,35.2891518874087,126.896902013889,정확(리 단위),대전면,4341,하,10/12위,28,0.74,3,1,1,"한재중학교, 한재초등학교, 한빛고등학교","담양대나무숲 인증센터, 두리농원, 행성제, 다화림식물원&치유정원, 태목리대나무군락",한재중학교|35.2747825221155|126.890532148537;;한재초등학교|35.27849479627|126.889155390892;;한빛고등학교|35.2915515104499|126.913314395405,담양대나무숲 인증센터|35.2472422491594|126.891861303759;;두리농원|35.26464878305685|126.92634071709402;;행성제|35.292695216181734|126.90032202967599;;다화림식물원&치유정원|35.296204731496566|126.89780338037102;;태목리대나무군락|35.254529944511|126.897400793419,15.2,24.3,43.8,22.8,게스트하우스펜션,"게스트하우스펜션 점수가 가장 높습니다 (관광명소 수 28, 공원 수 4 기준)"
394,전라남도 담양군 대전면 병풍리,2022,철거형,단독주택,미동의,도시과,2023-05-15,35.2891518874087,126.896902013889,정확(리 단위),대전면,4341,하,10/12위,28,0.74,3,1,1,"한재중학교, 한재초등학교, 한빛고등학교","담양대나무숲 인증센터, 두리농원, 행성제, 다화림식물원&치유정원, 태목리대나무군락",한재중학교|35.2747825221155|126.890532148537;;한재초등학교|35.27849479627|126.889155390892;;한빛고등학교|35.2915515104499|126.913314395405,담양대나무숲 인증센터|35.2472422491594|126.891861303759;;두리농원|35.26464878305685|126.92634071709402;;행성제|35.292695216181734|126.90032202967599;;다화림식물원&치유정원|35.296204731496566|126.89780338037102;;태목리대나무군락|35.254529944511|126.897400793419,15.2,24.3,43.8,22.8,게스트하우스펜션,"게스트하우스펜션 점수가 가장 높습니다 (관광명소 수 28, 공원 수 4 기준)"
395,전라남도 담양군 대전면 행성리,2022,활용형,단독주택,미동의,도시과,2023-05-15,35.2966119102378,126.901883892058,정확(리 단위),대전면,4341,하,10/12위,28,0.74,3,1,1,"한재중학교, 한재초등학교, 한빛고등학교","담양대나무숲 인증센터, 두리농원, 행성제, 다화림식물원&치유정원, 태목리대나무군락",한재중학교|35.2747825221155|126.890532148537;;한재초등학교|35.27849479627|126.889155390892;;한빛고등학교|35.2915515104499|126.913314395405,담양대나무숲 인증센터|35.2472422491594|126.891861303759;;두리농원|35.26464878305685|126.92634071709402;;행성제|35.292695216181734|126.90032202967599;;다화림식물원&치유정원|35.296204731496566|126.89780338037102;;태목리대나무군락|35.254529944511|126.897400793419,15.2,24.3,43.8,22.8,게스트하우스펜션,"게스트하우스펜션 점수가 가장 높습니다 (관광명소 수 28, 공원 수 4 기준)"
396,전라남도 담양군 대전면 행성리,2022,활용형,단독주택,미동의,도시과,2023-05-15,35.2966119102378,126.901883892058,정확(리 단위),대전면,4341,하,10/12위,28,0.74,3,1,1,"한재중학교, 한재초등학교, 한빛고등학교","담양대나무숲 인증센터, 두리농원, 행성제, 다화림식물원&치유정원, 태목리대나무군락",한재중학교|35.2747825221155|126.890532148537;;한재초등학교|35.27849479627|126.889155390892;;한빛고등학교|35.2915515104499|126.913314395405,담양대나무숲 인증센터|35.2472422491594|126.891861303759;;두리농원|35.26464878305685|126.92634071709402;;행성제|35.292695216181734|126.90032202967599;;다화림식물원&치유정원|35.296204731496566|126.89780338037102;;태목리대나무군락|35.254529944511|126.897400793419,15.2,24.3,43.8,22.8,게스트하우스펜션,"게스트하우스펜션 점수가 가장 높습니다 (관광명소 수 28, 공원 수 4 기준)"
397,전라남도 담양군 대전면 행성리,2022,활용형,단독주택,미동의,도시과,2023-05-15,35.2966119102378,126.901883892058,정확(리 단위),대전면,4341,하,10/12위,28,0.74,3,1,1,"한재중학교, 한재초등학교, 한빛고등학교","담양대나무숲 인증센터, 두리농원, 행성제, 다화림식물원&치유정원, 태목리대나무군락",한재중학교|35.2747825221155|126.890532148537;;한재초등학교|35.27849479627|126.889155390892;;한빛고등학교|35.2915515104499|126.913314395405,담양대나무숲 인증센터|35.2472422491594|126.891861303759;;두리농원|35.26464878305685|126.92634071709402;;행성제|35.292695216181734|126.90032202967599;;다화림식물원&치유정원|35.296204731496566|126.89780338037102;;태목리대나무군락|35.254529944511|126.897400793419,15.2,24.3,43.8,22.8,게스트하우스펜션,"게스트하우스펜션 점수가 가장 높습니다 (관광명소 수 28, 공원 수 4 기준)"
398,전라남도 담양군 대전면 행성리,2022,활용형,단독주택,미동의,도시과,2023-05-15,35.2966119102378,126.901883892058,정확(리 단위),대전면,4341,하,10/12위,28,0.74,3,1,1,"한재중학교, 한재초등학교, 한빛고등학교","담양대나무숲 인증센터, 두리농원, 행성제, 다화림식물원&치유정원, 태목리대나무군락",한재중학교|35.2747825221155|126.890532148537;;한재초등학교|35.27849479627|126.889155390892;;한빛고등학교|35.2915515104499|126.913314395405,담양대나무숲 인증센터|35.2472422491594|126.891861303759;;두리농원|35.26464878305685|126.92634071709402;;행성제|35.292695216181734|126.90032202967599;;다화림식물원&치유정원|35.296204731496566|126.89780338037102;;태목리대나무군락|35.254529944511|126.897400793419,15.2,24.3,43.8,22.8,게스트하우스펜션,"게스트하우스펜션 점수가 가장 높습니다 (관광명소 수 28, 공원 수 4 기준)"
399,전라남도 담양군 대전면 행성리,2022,활용형,단독주택,미동의,도시과,2023-05-15,35.2966119102378,126.901883892058,정확(리 단위),대전면,4341,하,10/12위,28,0.74,3,1,1,"한재중학교, 한재초등학교, 한빛고등학교","담양대나무숲 인증센터, 두리농원, 행성제, 다화림식물원&치유정원, 태목리대나무군락",한재중학교|35.2747825221155|126.890532148537;;한재초등학교|35.27849479627|126.889155390892;;한빛고등학교|35.2915515104499|126.913314395405,담양대나무숲 인증센터|35.2472422491594|126.891861303759;;두리농원|35.26464878305685|126.92634071709402;;행성제|35.292695216181734|126.90032202967599;;다화림식물원&치유정원|35.296204731496566|126.89780338037102;;태목리대나무군락|35.254529944511|126.897400793419,15.2,24.3,43.8,22.8,게스트하우스펜션,"게스트하우스펜션 점수가 가장 높습니다 (관광명소 수 28, 공원 수 4 기준)"
400,전라남도 담양군 대전면 행성리,2022,활용형,단독주택,미동의,도시과,2023-05-15,35.2966119102378,126.901883892058,정확(리 단위),대전면,4341,하,10/12위,28,0.74,3,1,1,"한재중학교, 한재초등학교, 한빛고등학교","담양대나무숲 인증센터, 두리농원, 행성제, 다화림식물원&치유정원, 태목리대나무군락",한재중학교|35.2747825221155|126.890532148537;;한재초등학교|35.27849479627|126.889155390892;;한빛고등학교|35.2915515104499|126.913314395405,담양대나무숲 인증센터|35.2472422491594|126.891861303759;;두리농원|35.26464878305685|126.92634071709402;;행성제|35.292695216181734|126.90032202967599;;다화림식물원&치유정원|35.296204731496566|126.89780338037102;;태목리대나무군락|35.254529944511|126.897400793419,15.2,24.3,43.8,22.8,게스트하우스펜션,"게스트하우스펜션 점수가 가장 높습니다 (관광명소 수 28, 공원 수 4 기준)"
401,전라남도 담양군 대전면 행성리,2022,활용형,단독주택,미동의,도시과,2023-05-15,35.2966119102378,126.901883892058,정확(리 단위),대전면,4341,하,10/12위,28,0.74,3,1,1,"한재중학교, 한재초등학교, 한빛고등학교","담양대나무숲 인증센터, 두리농원, 행성제, 다화림식물원&치유정원, 태목리대나무군락",한재중학교|35.2747825221155|126.890532148537;;한재초등학교|35.27849479627|126.889155390892;;한빛고등학교|35.2915515104499|126.913314395405,담양대나무숲 인증센터|35.2472422491594|126.891861303759;;두리농원|35.26464878305685|126.92634071709402;;행성제|35.292695216181734|126.90032202967599;;다화림식물원&치유정원|35.296204731496566|126.89780338037102;;태목리대나무군락|35.254529944511|126.897400793419,15.2,24.3,43.8,22.8,게스트하우스펜션,"게스트하우스펜션 점수가 가장 높습니다 (관광명소 수 28, 공원 수 4 기준)"
402,전라남도 담양군 대전면 성산리,2022,활용형,단독주택,미동의,도시과,2023-05-15,35.2821374405884,126.917804842678,정확(리 단위),대전면,4341,하,10/12위,28,0.74,3,1,1,"한재중학교, 한재초등학교, 한빛고등학교","담양대나무숲 인증센터, 두리농원, 행성제, 다화림식물원&치유정원, 태목리대나무군락",한재중학교|35.2747825221155|126.890532148537;;한재초등학교|35.27849479627|126.889155390892;;한빛고등학교|35.2915515104499|126.913314395405,담양대나무숲 인증센터|35.2472422491594|126.891861303759;;두리농원|35.26464878305685|126.92634071709402;;행성제|35.292695216181734|126.90032202967599;;다화림식물원&치유정원|35.296204731496566|126.89780338037102;;태목리대나무군락|35.254529944511|126.897400793419,15.2,24.3,43.8,22.8,게스트하우스펜션,"게스트하우스펜션 점수가 가장 높습니다 (관광명소 수 28, 공원 수 4 기준)"
403,전라남도 담양군 대전면 성산리,2022,활용형,단독주택,미동의,도시과,2023-05-15,35.2821374405884,126.917804842678,정확(리 단위),대전면,4341,하,10/12위,28,0.74,3,1,1,"한재중학교, 한재초등학교, 한빛고등학교","담양대나무숲 인증센터, 두리농원, 행성제, 다화림식물원&치유정원, 태목리대나무군락",한재중학교|35.2747825221155|126.890532148537;;한재초등학교|35.27849479627|126.889155390892;;한빛고등학교|35.2915515104499|126.913314395405,담양대나무숲 인증센터|35.2472422491594|126.891861303759;;두리농원|35.26464878305685|126.92634071709402;;행성제|35.292695216181734|126.90032202967599;;다화림식물원&치유정원|35.296204731496566|126.89780338037102;;태목리대나무군락|35.254529944511|126.897400793419,15.2,24.3,43.8,22.8,게스트하우스펜션,"게스트하우스펜션 점수가 가장 높습니다 (관광명소 수 28, 공원 수 4 기준)"
404,전라남도 담양군 대전면 갑향리,2022,활용형,단독주택,미동의,도시과,2023-05-15,35.2756118095541,126.91277302412,정확(리 단위),대전면,4341,하,10/12위,28,0.74,3,1,1,"한재중학교, 한재초등학교, 한빛고등학교","담양대나무숲 인증센터, 두리농원, 행성제, 다화림식물원&치유정원, 태목리대나무군락",한재중학교|35.2747825221155|126.890532148537;;한재초등학교|35.27849479627|126.889155390892;;한빛고등학교|35.2915515104499|126.913314395405,담양대나무숲 인증센터|35.2472422491594|126.891861303759;;두리농원|35.26464878305685|126.92634071709402;;행성제|35.292695216181734|126.90032202967599;;다화림식물원&치유정원|35.296204731496566|126.89780338037102;;태목리대나무군락|35.254529944511|126.897400793419,15.2,24.3,43.8,22.8,게스트하우스펜션,"게스트하우스펜션 점수가 가장 높습니다 (관광명소 수 28, 공원 수 4 기준)"
405,전라남도 담양군 대전면 갑향리,2022,철거형,단독주택,미동의,도시과,2023-05-15,35.2756118095541,126.91277302412,정확(리 단위),대전면,4341,하,10/12위,28,0.74,3,1,1,"한재중학교, 한재초등학교, 한빛고등학교","담양대나무숲 인증센터, 두리농원, 행성제, 다화림식물원&치유정원, 태목리대나무군락",한재중학교|35.2747825221155|126.890532148537;;한재초등학교|35.27849479627|126.889155390892;;한빛고등학교|35.2915515104499|126.913314395405,담양대나무숲 인증센터|35.2472422491594|126.891861303759;;두리농원|35.26464878305685|126.92634071709402;;행성제|35.292695216181734|126.90032202967599;;다화림식물원&치유정원|35.296204731496566|126.89780338037102;;태목리대나무군락|35.254529944511|126.897400793419,15.2,24.3,43.8,22.8,게스트하우스펜션,"게스트하우스펜션 점수가 가장 높습니다 (관광명소 수 28, 공원 수 4 기준)"
